fusion_method,parameter,parameter_value,scope,question_type,question_count,HitRate@1,HitRate@10,HitRate@3,HitRate@5,MRR,Recall@1,Recall@10,Recall@3,Recall@5,nDCG@1,nDCG@10,nDCG@3,nDCG@5
weighted,alpha,0.0,overall,all,150,0.0,0.773333,0.22,0.44,0.17969,0.0,0.703333,0.213333,0.42,0.0,0.297986,0.114939,0.203831
weighted,alpha,0.0,question_type,confusable_concepts,37,0.0,0.567568,0.054054,0.162162,0.1003,0.0,0.283784,0.027027,0.081081,0.0,0.125993,0.018741,0.04511
weighted,alpha,0.0,question_type,principle_explanation,38,0.0,0.842105,0.157895,0.736842,0.218494,0.0,0.842105,0.157895,0.736842,0.0,0.367842,0.085838,0.332871
weighted,alpha,0.0,question_type,process_steps,37,0.0,0.702703,0.0,0.0,0.087645,0.0,0.702703,0.0,0.0,0.0,0.221317,0.0,0.0
weighted,alpha,0.0,question_type,term_definition,38,0.0,0.973684,0.657895,0.842105,0.307811,0.0,0.973684,0.657895,0.842105,0.0,0.470249,0.34962,0.427802
weighted,alpha,0.1,overall,all,150,0.0,0.766667,0.2,0.426667,0.17278,0.0,0.7,0.196667,0.413333,0.0,0.29215,0.104483,0.197357
weighted,alpha,0.1,question_type,confusable_concepts,37,0.0,0.540541,0.027027,0.108108,0.0889,0.0,0.27027,0.013514,0.054054,0.0,0.116358,0.010455,0.029688
weighted,alpha,0.1,question_type,principle_explanation,38,0.0,0.842105,0.078947,0.736842,0.201827,0.0,0.842105,0.078947,0.736842,0.0,0.354325,0.039474,0.319354
weighted,alpha,0.1,question_type,process_steps,37,0.0,0.702703,0.0,0.0,0.08417,0.0,0.702703,0.0,0.0,0.0,0.217727,0.0,0.0
weighted,alpha,0.1,question_type,term_definition,38,0.0,0.973684,0.684211,0.842105,0.311685,0.0,0.973684,0.684211,0.842105,0.0,0.473606,0.362778,0.43078
weighted,alpha,0.2,overall,all,150,0.006667,0.733333,0.193333,0.413333,0.167122,0.006667,0.673333,0.193333,0.4,0.006667,0.282159,0.103491,0.191799
weighted,alpha,0.2,question_type,confusable_concepts,37,0.0,0.486486,0.0,0.108108,0.075794,0.0,0.243243,0.0,0.054054,0.0,0.102881,0.0,0.026369
weighted,alpha,0.2,question_type,principle_explanation,38,0.0,0.842105,0.052632,0.684211,0.19268,0.0,0.842105,0.052632,0.684211,0.0,0.346224,0.026316,0.293709
weighted,alpha,0.2,question_type,process_steps,37,0.0,0.621622,0.0,0.0,0.073177,0.0,0.621622,0.0,0.0,0.0,0.191276,0.0,0.0
weighted,alpha,0.2,question_type,term_definition,38,0.026316,0.973684,0.710526,0.842105,0.321961,0.026316,0.973684,0.710526,0.842105,0.026316,0.481146,0.382203,0.437718
weighted,alpha,0.3,overall,all,150,0.006667,0.72,0.173333,0.373333,0.161569,0.006667,0.663333,0.173333,0.366667,0.006667,0.275239,0.095237,0.177803
weighted,alpha,0.3,question_type,confusable_concepts,37,0.0,0.459459,0.0,0.054054,0.068704,0.0,0.22973,0.0,0.027027,0.0,0.095468,0.0,0.013548
weighted,alpha,0.3,question_type,principle_explanation,38,0.0,0.842105,0.026316,0.552632,0.178937,0.0,0.842105,0.026316,0.552632,0.0,0.333689,0.013158,0.237523
weighted,alpha,0.3,question_type,process_steps,37,0.0,0.594595,0.0,0.0,0.067482,0.0,0.594595,0.0,0.0,0.0,0.180357,0.0,0.0
weighted,alpha,0.3,question_type,term_definition,38,0.026316,0.973684,0.657895,0.868421,0.326232,0.026316,0.973684,0.657895,0.868421,0.026316,0.484213,0.362778,0.451141
weighted,alpha,0.4,overall,all,150,0.013333,0.68,0.146667,0.333333,0.152624,0.013333,0.623333,0.146667,0.33,0.013333,0.259129,0.084364,0.161894
weighted,alpha,0.4,question_type,confusable_concepts,37,0.0,0.459459,0.0,0.027027,0.063267,0.0,0.22973,0.0,0.013514,0.0,0.092201,0.0,0.007137
weighted,alpha,0.4,question_type,principle_explanation,38,0.0,0.789474,0.0,0.421053,0.155482,0.0,0.789474,0.0,0.421053,0.0,0.302059,0.0,0.177878
weighted,alpha,0.4,question_type,process_steps,37,0.0,0.513514,0.0,0.0,0.056757,0.0,0.513514,0.0,0.0,0.0,0.154203,0.0,0.0
weighted,alpha,0.4,question_type,term_definition,38,0.052632,0.947368,0.578947,0.868421,0.330117,0.052632,0.947368,0.578947,0.868421,0.052632,0.480896,0.333017,0.454227
weighted,alpha,0.5,overall,all,150,0.02,0.646667,0.126667,0.273333,0.145339,0.02,0.596667,0.126667,0.27,0.02,0.24677,0.078571,0.139165
weighted,alpha,0.5,question_type,confusable_concepts,37,0.0,0.405405,0.0,0.027027,0.054451,0.0,0.202703,0.0,0.013514,0.0,0.080495,0.0,0.007137
weighted,alpha,0.5,question_type,principle_explanation,38,0.0,0.763158,0.0,0.236842,0.129177,0.0,0.763158,0.0,0.236842,0.0,0.272583,0.0,0.097389
weighted,alpha,0.5,question_type,process_steps,37,0.0,0.459459,0.0,0.0,0.05,0.0,0.459459,0.0,0.0,0.0,0.137151,0.0,0.0
weighted,alpha,0.5,question_type,term_definition,38,0.078947,0.947368,0.5,0.815789,0.342826,0.078947,0.947368,0.5,0.815789,0.078947,0.48959,0.310147,0.444997
weighted,alpha,0.6,overall,all,150,0.02,0.626667,0.106667,0.233333,0.135328,0.02,0.583333,0.106667,0.23,0.02,0.235336,0.068571,0.120957
weighted,alpha,0.6,question_type,confusable_concepts,37,0.0,0.351351,0.0,0.027027,0.04586,0.0,0.175676,0.0,0.013514,0.0,0.069017,0.0,0.006411
weighted,alpha,0.6,question_type,principle_explanation,38,0.0,0.736842,0.0,0.105263,0.110641,0.0,0.736842,0.0,0.105263,0.0,0.249832,0.0,0.044181
weighted,alpha,0.6,question_type,process_steps,37,0.0,0.459459,0.0,0.0,0.048423,0.0,0.459459,0.0,0.0,0.0,0.135467,0.0,0.0
weighted,alpha,0.6,question_type,term_definition,38,0.078947,0.947368,0.421053,0.789474,0.331746,0.078947,0.947368,0.421053,0.789474,0.078947,0.480022,0.270673,0.427037
weighted,alpha,0.7,overall,all,150,0.02,0.6,0.1,0.213333,0.128823,0.02,0.563333,0.1,0.21,0.02,0.225369,0.066983,0.113334
weighted,alpha,0.7,question_type,confusable_concepts,37,0.0,0.297297,0.0,0.027027,0.037688,0.0,0.148649,0.0,0.013514,0.0,0.057689,0.0,0.006411
weighted,alpha,0.7,question_type,principle_explanation,38,0.0,0.736842,0.0,0.052632,0.097629,0.0,0.736842,0.0,0.052632,0.0,0.237331,0.0,0.021514
weighted,alpha,0.7,question_type,process_steps,37,0.0,0.405405,0.0,0.0,0.042042,0.0,0.405405,0.0,0.0,0.0,0.118805,0.0,0.0
weighted,alpha,0.7,question_type,term_definition,38,0.078947,0.947368,0.394737,0.763158,0.33325,0.078947,0.947368,0.394737,0.763158,0.078947,0.480434,0.264406,0.419617
weighted,alpha,0.8,overall,all,150,0.026667,0.566667,0.1,0.193333,0.123939,0.026667,0.533333,0.1,0.193333,0.026667,0.214293,0.070316,0.109344
weighted,alpha,0.8,question_type,confusable_concepts,37,0.0,0.27027,0.0,0.0,0.030363,0.0,0.135135,0.0,0.0,0.0,0.050065,0.0,0.0
weighted,alpha,0.8,question_type,principle_explanation,38,0.0,0.657895,0.0,0.0,0.075251,0.0,0.657895,0.0,0.0,0.0,0.200108,0.0,0.0
weighted,alpha,0.8,question_type,process_steps,37,0.0,0.378378,0.0,0.0,0.038438,0.0,0.378378,0.0,0.0,0.0,0.110023,0.0,0.0
weighted,alpha,0.8,question_type,term_definition,38,0.105263,0.947368,0.394737,0.763158,0.346992,0.105263,0.947368,0.394737,0.763158,0.105263,0.489912,0.277564,0.431621
weighted,alpha,0.9,overall,all,150,0.02,0.52,0.1,0.186667,0.112304,0.02,0.493333,0.1,0.186667,0.02,0.196274,0.067856,0.104012
weighted,alpha,0.9,question_type,confusable_concepts,37,0.0,0.216216,0.0,0.0,0.023574,0.0,0.108108,0.0,0.0,0.0,0.039594,0.0,0.0
weighted,alpha,0.9,question_type,principle_explanation,38,0.0,0.578947,0.0,0.0,0.060307,0.0,0.578947,0.0,0.0,0.0,0.169937,0.0,0.0
weighted,alpha,0.9,question_type,process_steps,37,0.0,0.351351,0.0,0.0,0.035135,0.0,0.351351,0.0,0.0,0.0,0.101563,0.0,0.0
weighted,alpha,0.9,question_type,term_definition,38,0.078947,0.921053,0.394737,0.736842,0.325835,0.078947,0.921053,0.394737,0.736842,0.078947,0.467386,0.267852,0.410575
weighted,alpha,1.0,overall,all,150,0.026667,0.313333,0.1,0.186667,0.094,0.026667,0.293333,0.1,0.186667,0.026667,0.139524,0.070316,0.106473
weighted,alpha,1.0,question_type,confusable_concepts,37,0.0,0.162162,0.0,0.0,0.017492,0.0,0.081081,0.0,0.0,0.0,0.029576,0.0,0.0
weighted,alpha,1.0,question_type,principle_explanation,38,0.0,0.026316,0.0,0.0,0.002632,0.0,0.026316,0.0,0.0,0.0,0.007607,0.0,0.0
weighted,alpha,1.0,question_type,process_steps,37,0.0,0.243243,0.0,0.0,0.024324,0.0,0.243243,0.0,0.0,0.0,0.070313,0.0,0.0
weighted,alpha,1.0,question_type,term_definition,38,0.105263,0.815789,0.394737,0.736842,0.327705,0.105263,0.815789,0.394737,0.736842,0.105263,0.445885,0.277564,0.420288
