question_id,rank,chunk_id,doc_id,score,latency_ms,retriever
Q-001,1,CH01_T01_02,DOC_CH01,0.9983847520081939,,hybrid_weighted
Q-001,2,CH01_T01_01,DOC_CH01,0.8237962876348037,,hybrid_weighted
Q-001,3,CH01_T01_08,DOC_CH01,0.7927823348597349,,hybrid_weighted
Q-001,4,CH01_T01_10,DOC_CH01,0.7515131497549189,,hybrid_weighted
Q-001,5,CH01_T01_04,DOC_CH01,0.41226402012959673,,hybrid_weighted
Q-001,6,CH01_T01_05,DOC_CH01,0.2766797657651233,,hybrid_weighted
Q-001,7,CH01_T01_06,DOC_CH01,0.23907369452986513,,hybrid_weighted
Q-001,8,CH01_T01_07,DOC_CH01,0.14823417079412635,,hybrid_weighted
Q-001,9,CH01_T01_03,DOC_CH01,0.08779099586993885,,hybrid_weighted
Q-001,10,CH01_T01_09,DOC_CH01,0.03275297002579145,,hybrid_weighted
Q-002,1,CH01_T02_02,DOC_CH01,0.9119112832241638,,hybrid_weighted
Q-002,2,CH01_T02_10,DOC_CH01,0.726453678838718,,hybrid_weighted
Q-002,3,CH01_T02_08,DOC_CH01,0.6247506145864818,,hybrid_weighted
Q-002,4,CH01_T02_01,DOC_CH01,0.6151611449358572,,hybrid_weighted
Q-002,5,CH01_T02_04,DOC_CH01,0.20520749702389193,,hybrid_weighted
Q-002,6,CH02_T02_01,DOC_CH02,0.12248927440602099,,hybrid_weighted
Q-002,7,CH01_T02_09,DOC_CH01,0.09978590478299788,,hybrid_weighted
Q-002,8,CH02_T02_10,DOC_CH02,0.09315305482394687,,hybrid_weighted
Q-002,9,CH01_T02_03,DOC_CH01,0.08070097727083968,,hybrid_weighted
Q-002,10,CH01_T02_06,DOC_CH01,0.07152210625397967,,hybrid_weighted
Q-003,1,CH01_T03_01,DOC_CH01,0.7806128662329886,,hybrid_weighted
Q-003,2,CH01_T03_02,DOC_CH01,0.7074024189538552,,hybrid_weighted
Q-003,3,CH01_T03_10,DOC_CH01,0.6702646855090981,,hybrid_weighted
Q-003,4,CH01_T02_10,DOC_CH01,0.44344784088117256,,hybrid_weighted
Q-003,5,CH01_T02_02,DOC_CH01,0.36904659390384786,,hybrid_weighted
Q-003,6,CH01_T03_08,DOC_CH01,0.30398226047068616,,hybrid_weighted
Q-003,7,CH01_T02_08,DOC_CH01,0.2859829846552628,,hybrid_weighted
Q-003,8,CH01_T03_04,DOC_CH01,0.22749119620041203,,hybrid_weighted
Q-003,9,CH01_T02_01,DOC_CH01,0.2194730140301542,,hybrid_weighted
Q-003,10,CH01_T02_05,DOC_CH01,0.15997206386682697,,hybrid_weighted
Q-004,1,CH01_T04_02,DOC_CH01,1.0,,hybrid_weighted
Q-004,2,CH01_T04_10,DOC_CH01,0.7528952819316928,,hybrid_weighted
Q-004,3,CH01_T04_01,DOC_CH01,0.6067915671619526,,hybrid_weighted
Q-004,4,CH01_T04_08,DOC_CH01,0.5738843209914758,,hybrid_weighted
Q-004,5,CH01_T04_04,DOC_CH01,0.38867611687029313,,hybrid_weighted
Q-004,6,CH01_T04_06,DOC_CH01,0.2306077485999512,,hybrid_weighted
Q-004,7,CH01_T04_05,DOC_CH01,0.1901758026789482,,hybrid_weighted
Q-004,8,CH01_T04_07,DOC_CH01,0.09937919517865897,,hybrid_weighted
Q-004,9,CH01_T04_03,DOC_CH01,0.06277101315469899,,hybrid_weighted
Q-004,10,CH01_T04_09,DOC_CH01,0.05123552524423362,,hybrid_weighted
Q-005,1,CH01_T05_02,DOC_CH01,0.6297461056577854,,hybrid_weighted
Q-005,2,CH02_T02_01,DOC_CH02,0.5,,hybrid_weighted
Q-005,3,CH13_T02_01,DOC_CH13,0.4780645128193302,,hybrid_weighted
Q-005,4,CH13_T02_10,DOC_CH13,0.46888526135599357,,hybrid_weighted
Q-005,5,CH02_T02_10,DOC_CH02,0.30781140481078945,,hybrid_weighted
Q-005,6,CH01_T05_08,DOC_CH01,0.3039904744757103,,hybrid_weighted
Q-005,7,CH01_T05_01,DOC_CH01,0.2108942289555361,,hybrid_weighted
Q-005,8,CH01_T05_10,DOC_CH01,0.17687595383850335,,hybrid_weighted
Q-005,9,CH01_T05_03,DOC_CH01,0.13783046753090866,,hybrid_weighted
Q-005,10,CH01_T02_10,DOC_CH01,0.12741585808961836,,hybrid_weighted
Q-006,1,CH01_T06_02,DOC_CH01,1.0,,hybrid_weighted
Q-006,2,CH01_T06_08,DOC_CH01,0.761905986972202,,hybrid_weighted
Q-006,3,CH01_T06_10,DOC_CH01,0.5661404584568168,,hybrid_weighted
Q-006,4,CH01_T06_01,DOC_CH01,0.3887276771888907,,hybrid_weighted
Q-006,5,CH01_T06_04,DOC_CH01,0.26695009060849906,,hybrid_weighted
Q-006,6,CH14_T05_01,DOC_CH14,0.2149059698466033,,hybrid_weighted
Q-006,7,CH16_T06_01,DOC_CH16,0.19609211290981948,,hybrid_weighted
Q-006,8,CH01_T06_09,DOC_CH01,0.14842706870019462,,hybrid_weighted
Q-006,9,CH01_T06_03,DOC_CH01,0.13795951876910545,,hybrid_weighted
Q-006,10,CH01_T06_05,DOC_CH01,0.0599324870068797,,hybrid_weighted
Q-007,1,CH02_T02_01,DOC_CH02,0.5,,hybrid_weighted
Q-007,2,CH02_T01_02,DOC_CH02,0.5,,hybrid_weighted
Q-007,3,CH02_T02_02,DOC_CH02,0.4826360199817843,,hybrid_weighted
Q-007,4,CH02_T01_08,DOC_CH02,0.44223109970294583,,hybrid_weighted
Q-007,5,CH02_T01_01,DOC_CH02,0.3506178540342782,,hybrid_weighted
Q-007,6,CH02_T02_10,DOC_CH02,0.33485640580222137,,hybrid_weighted
Q-007,7,CH02_T02_08,DOC_CH02,0.3313463922219278,,hybrid_weighted
Q-007,8,CH02_T01_10,DOC_CH02,0.32549177171472504,,hybrid_weighted
Q-007,9,CH02_T01_04,DOC_CH02,0.12317750999264349,,hybrid_weighted
Q-007,10,CH02_T01_06,DOC_CH02,0.09637635551845346,,hybrid_weighted
Q-008,1,CH02_T02_02,DOC_CH02,0.9716940749079324,,hybrid_weighted
Q-008,2,CH02_T02_08,DOC_CH02,0.9378179583815651,,hybrid_weighted
Q-008,3,CH02_T02_10,DOC_CH02,0.866391123985728,,hybrid_weighted
Q-008,4,CH02_T02_01,DOC_CH02,0.8542347956907426,,hybrid_weighted
Q-008,5,CH02_T02_06,DOC_CH02,0.3846076718389214,,hybrid_weighted
Q-008,6,CH02_T02_04,DOC_CH02,0.30031840036558954,,hybrid_weighted
Q-008,7,CH02_T02_05,DOC_CH02,0.18271301112257415,,hybrid_weighted
Q-008,8,CH02_T02_03,DOC_CH02,0.18065650475319622,,hybrid_weighted
Q-008,9,CH02_T02_09,DOC_CH02,0.07561442043675985,,hybrid_weighted
Q-008,10,CH02_T02_07,DOC_CH02,0.07188122777451765,,hybrid_weighted
Q-009,1,CH02_T03_02,DOC_CH02,1.0,,hybrid_weighted
Q-009,2,CH02_T03_01,DOC_CH02,0.725927107763674,,hybrid_weighted
Q-009,3,CH02_T03_10,DOC_CH02,0.6049776648573473,,hybrid_weighted
Q-009,4,CH02_T03_08,DOC_CH02,0.5895628026394754,,hybrid_weighted
Q-009,5,CH02_T03_04,DOC_CH02,0.1984628738403184,,hybrid_weighted
Q-009,6,CH07_T03_01,DOC_CH07,0.18726941781727366,,hybrid_weighted
Q-009,7,CH02_T03_05,DOC_CH02,0.14577134245125695,,hybrid_weighted
Q-009,8,CH02_T03_03,DOC_CH02,0.09524028929243446,,hybrid_weighted
Q-009,9,CH02_T03_06,DOC_CH02,0.08447327195926363,,hybrid_weighted
Q-009,10,CH07_T03_02,DOC_CH07,0.036956412566962867,,hybrid_weighted
Q-010,1,CH02_T04_02,DOC_CH02,1.0,,hybrid_weighted
Q-010,2,CH02_T04_08,DOC_CH02,0.7448598398778207,,hybrid_weighted
Q-010,3,CH02_T04_01,DOC_CH02,0.6223274832395052,,hybrid_weighted
Q-010,4,CH02_T04_10,DOC_CH02,0.620355842490554,,hybrid_weighted
Q-010,5,CH02_T04_04,DOC_CH02,0.27717433278977194,,hybrid_weighted
Q-010,6,CH02_T04_06,DOC_CH02,0.17493158288965202,,hybrid_weighted
Q-010,7,CH02_T04_05,DOC_CH02,0.11404905935633432,,hybrid_weighted
Q-010,8,CH02_T03_02,DOC_CH02,0.059909122963165654,,hybrid_weighted
Q-010,9,CH02_T04_03,DOC_CH02,0.025206399756850906,,hybrid_weighted
Q-010,10,CH02_T05_02,DOC_CH02,0.014037412588949397,,hybrid_weighted
Q-011,1,CH02_T05_02,DOC_CH02,0.9924086909447707,,hybrid_weighted
Q-011,2,CH02_T05_01,DOC_CH02,0.8587926548528018,,hybrid_weighted
Q-011,3,CH02_T05_08,DOC_CH02,0.823069727152349,,hybrid_weighted
Q-011,4,CH02_T05_10,DOC_CH02,0.791566494322154,,hybrid_weighted
Q-011,5,CH02_T05_04,DOC_CH02,0.39909878581793123,,hybrid_weighted
Q-011,6,CH02_T05_06,DOC_CH02,0.222326306238446,,hybrid_weighted
Q-011,7,CH02_T05_03,DOC_CH02,0.1842634267504863,,hybrid_weighted
Q-011,8,CH02_T05_09,DOC_CH02,0.12596478529587185,,hybrid_weighted
Q-011,9,CH02_T05_05,DOC_CH02,0.12555006242617028,,hybrid_weighted
Q-011,10,CH02_T05_07,DOC_CH02,0.07542424422565998,,hybrid_weighted
Q-012,1,CH02_T06_02,DOC_CH02,0.950189531248655,,hybrid_weighted
Q-012,2,CH02_T06_08,DOC_CH02,0.9199871205846655,,hybrid_weighted
Q-012,3,CH02_T06_01,DOC_CH02,0.6238667716654104,,hybrid_weighted
Q-012,4,CH02_T06_10,DOC_CH02,0.5872585523714078,,hybrid_weighted
Q-012,5,CH02_T06_04,DOC_CH02,0.41960532530344274,,hybrid_weighted
Q-012,6,CH02_T06_05,DOC_CH02,0.2410058865137858,,hybrid_weighted
Q-012,7,CH02_T06_09,DOC_CH02,0.09781193188625484,,hybrid_weighted
Q-012,8,CH02_T06_06,DOC_CH02,0.05455140939376006,,hybrid_weighted
Q-012,9,CH02_T06_03,DOC_CH02,0.05316811829957199,,hybrid_weighted
Q-012,10,CH02_T06_07,DOC_CH02,0.04967852531845796,,hybrid_weighted
Q-013,1,CH03_T01_01,DOC_CH03,0.8726130667439876,,hybrid_weighted
Q-013,2,CH03_T01_08,DOC_CH03,0.5584958054298661,,hybrid_weighted
Q-013,3,CH02_T02_01,DOC_CH02,0.5,,hybrid_weighted
Q-013,4,CH03_T01_02,DOC_CH03,0.4274446085407848,,hybrid_weighted
Q-013,5,CH03_T01_10,DOC_CH03,0.3899072311250877,,hybrid_weighted
Q-013,6,CH01_T03_01,DOC_CH01,0.2590763736078378,,hybrid_weighted
Q-013,7,CH03_T01_05,DOC_CH03,0.17702265170166417,,hybrid_weighted
Q-013,8,CH03_T01_04,DOC_CH03,0.15935819435539889,,hybrid_weighted
Q-013,9,CH02_T02_02,DOC_CH02,0.13847214954636028,,hybrid_weighted
Q-013,10,CH03_T01_06,DOC_CH03,0.1316162577209551,,hybrid_weighted
Q-014,1,CH03_T02_01,DOC_CH03,0.887867459036386,,hybrid_weighted
Q-014,2,CH03_T02_08,DOC_CH03,0.8189974447848698,,hybrid_weighted
Q-014,3,CH03_T02_02,DOC_CH03,0.7497412823298824,,hybrid_weighted
Q-014,4,CH03_T02_10,DOC_CH03,0.5719039977420018,,hybrid_weighted
Q-014,5,CH03_T02_04,DOC_CH03,0.16963563218599506,,hybrid_weighted
Q-014,6,CH03_T03_01,DOC_CH03,0.16956823497727683,,hybrid_weighted
Q-014,7,CH03_T03_02,DOC_CH03,0.14464517752873446,,hybrid_weighted
Q-014,8,CH03_T02_06,DOC_CH03,0.14096730597321605,,hybrid_weighted
Q-014,9,CH10_T01_01,DOC_CH10,0.10142982848928579,,hybrid_weighted
Q-014,10,CH03_T02_05,DOC_CH03,0.09772196731868309,,hybrid_weighted
Q-015,1,CH03_T03_02,DOC_CH03,1.0,,hybrid_weighted
Q-015,2,CH03_T03_08,DOC_CH03,0.8301234757599621,,hybrid_weighted
Q-015,3,CH03_T03_01,DOC_CH03,0.8270603381290096,,hybrid_weighted
Q-015,4,CH03_T03_10,DOC_CH03,0.4857871001027414,,hybrid_weighted
Q-015,5,CH03_T03_04,DOC_CH03,0.276247850090394,,hybrid_weighted
Q-015,6,CH03_T03_05,DOC_CH03,0.1847478371362624,,hybrid_weighted
Q-015,7,CH03_T03_06,DOC_CH03,0.17940415338209825,,hybrid_weighted
Q-015,8,CH03_T02_01,DOC_CH03,0.07977194414195284,,hybrid_weighted
Q-015,9,CH03_T03_07,DOC_CH03,0.07489186478623892,,hybrid_weighted
Q-015,10,CH03_T03_09,DOC_CH03,0.04366507077966832,,hybrid_weighted
Q-016,1,CH03_T04_02,DOC_CH03,1.0,,hybrid_weighted
Q-016,2,CH03_T04_01,DOC_CH03,0.7937664530121908,,hybrid_weighted
Q-016,3,CH03_T04_08,DOC_CH03,0.7799035046430183,,hybrid_weighted
Q-016,4,CH03_T04_10,DOC_CH03,0.6914502526885022,,hybrid_weighted
Q-016,5,CH03_T04_04,DOC_CH03,0.2915056951642795,,hybrid_weighted
Q-016,6,CH03_T04_05,DOC_CH03,0.16793211839261976,,hybrid_weighted
Q-016,7,CH03_T04_06,DOC_CH03,0.11126617141587852,,hybrid_weighted
Q-016,8,CH05_T06_02,DOC_CH05,0.04571174260636219,,hybrid_weighted
Q-016,9,CH03_T04_07,DOC_CH03,0.028943762735839148,,hybrid_weighted
Q-016,10,CH02_T02_01,DOC_CH02,0.02471988890673278,,hybrid_weighted
Q-017,1,CH03_T05_02,DOC_CH03,0.8774436448320162,,hybrid_weighted
Q-017,2,CH03_T05_01,DOC_CH03,0.5585535395054421,,hybrid_weighted
Q-017,3,CH03_T05_08,DOC_CH03,0.530849383497126,,hybrid_weighted
Q-017,4,CH03_T02_01,DOC_CH03,0.5,,hybrid_weighted
Q-017,5,CH03_T02_02,DOC_CH03,0.40694499737172607,,hybrid_weighted
Q-017,6,CH03_T05_10,DOC_CH03,0.3887603786189806,,hybrid_weighted
Q-017,7,CH03_T02_08,DOC_CH03,0.32495044177495364,,hybrid_weighted
Q-017,8,CH03_T02_10,DOC_CH03,0.27486974781105583,,hybrid_weighted
Q-017,9,CH11_T04_01,DOC_CH11,0.16193426881434864,,hybrid_weighted
Q-017,10,CH03_T05_06,DOC_CH03,0.08268318567155303,,hybrid_weighted
Q-018,1,CH03_T06_02,DOC_CH03,1.0,,hybrid_weighted
Q-018,2,CH03_T06_10,DOC_CH03,0.7375378315419869,,hybrid_weighted
Q-018,3,CH03_T06_08,DOC_CH03,0.6631319872093056,,hybrid_weighted
Q-018,4,CH03_T06_01,DOC_CH03,0.6013083169580906,,hybrid_weighted
Q-018,5,CH02_T05_01,DOC_CH02,0.47848002806833706,,hybrid_weighted
Q-018,6,CH02_T05_02,DOC_CH02,0.21663282588413504,,hybrid_weighted
Q-018,7,CH02_T05_08,DOC_CH02,0.21479716366623205,,hybrid_weighted
Q-018,8,CH02_T05_10,DOC_CH02,0.20999086455183016,,hybrid_weighted
Q-018,9,CH03_T06_06,DOC_CH03,0.13501168538338032,,hybrid_weighted
Q-018,10,CH03_T02_08,DOC_CH03,0.1246033253326826,,hybrid_weighted
Q-019,1,CH02_T02_01,DOC_CH02,0.5,,hybrid_weighted
Q-019,2,CH04_T01_08,DOC_CH04,0.5,,hybrid_weighted
Q-019,3,CH05_T06_02,DOC_CH05,0.4704106511070936,,hybrid_weighted
Q-019,4,CH05_T02_01,DOC_CH05,0.4226892417031159,,hybrid_weighted
Q-019,5,CH04_T01_02,DOC_CH04,0.4201977845851328,,hybrid_weighted
Q-019,6,CH04_T01_01,DOC_CH04,0.3073395520417325,,hybrid_weighted
Q-019,7,CH04_T01_10,DOC_CH04,0.21944434851852002,,hybrid_weighted
Q-019,8,CH04_T01_06,DOC_CH04,0.21009470258674975,,hybrid_weighted
Q-019,9,CH04_T01_05,DOC_CH04,0.19862151060985866,,hybrid_weighted
Q-019,10,CH04_T01_04,DOC_CH04,0.1828453637985041,,hybrid_weighted
Q-020,1,CH04_T02_02,DOC_CH04,0.5831157898925419,,hybrid_weighted
Q-020,2,CH05_T02_01,DOC_CH05,0.5576637184138316,,hybrid_weighted
Q-020,3,CH04_T02_08,DOC_CH04,0.37160114119913634,,hybrid_weighted
Q-020,4,CH05_T01_02,DOC_CH05,0.3524609428508335,,hybrid_weighted
Q-020,5,CH05_T01_08,DOC_CH05,0.25633351564696194,,hybrid_weighted
Q-020,6,CH05_T02_10,DOC_CH05,0.17626870052846458,,hybrid_weighted
Q-020,7,CH05_T01_01,DOC_CH05,0.13504455607739047,,hybrid_weighted
Q-020,8,CH05_T02_02,DOC_CH05,0.13125328134433217,,hybrid_weighted
Q-020,9,CH05_T02_08,DOC_CH05,0.11575708255539852,,hybrid_weighted
Q-020,10,CH04_T04_01,DOC_CH04,0.07593251223239343,,hybrid_weighted
Q-021,1,CH04_T03_02,DOC_CH04,1.0,,hybrid_weighted
Q-021,2,CH04_T03_08,DOC_CH04,0.6936756720856103,,hybrid_weighted
Q-021,3,CH04_T03_01,DOC_CH04,0.4926354016848664,,hybrid_weighted
Q-021,4,CH04_T03_10,DOC_CH04,0.4658173420190905,,hybrid_weighted
Q-021,5,CH04_T04_02,DOC_CH04,0.4389932410927837,,hybrid_weighted
Q-021,6,CH04_T05_02,DOC_CH04,0.29736772053972954,,hybrid_weighted
Q-021,7,CH04_T04_10,DOC_CH04,0.12600239924857268,,hybrid_weighted
Q-021,8,CH04_T06_02,DOC_CH04,0.09358509024442536,,hybrid_weighted
Q-021,9,CH04_T03_04,DOC_CH04,0.07136900402988494,,hybrid_weighted
Q-021,10,CH04_T04_01,DOC_CH04,0.05539542517945572,,hybrid_weighted
Q-022,1,CH04_T04_02,DOC_CH04,1.0,,hybrid_weighted
Q-022,2,CH04_T04_08,DOC_CH04,0.5693870691510379,,hybrid_weighted
Q-022,3,CH04_T04_01,DOC_CH04,0.489405542713801,,hybrid_weighted
Q-022,4,CH04_T04_10,DOC_CH04,0.4491879709394504,,hybrid_weighted
Q-022,5,CH04_T05_02,DOC_CH04,0.23790703224635085,,hybrid_weighted
Q-022,6,CH04_T03_02,DOC_CH04,0.17215978971316484,,hybrid_weighted
Q-022,7,CH04_T04_04,DOC_CH04,0.09346274940539387,,hybrid_weighted
Q-022,8,CH04_T06_02,DOC_CH04,0.07730572855479996,,hybrid_weighted
Q-022,9,CH04_T04_09,DOC_CH04,0.06859235159570005,,hybrid_weighted
Q-022,10,CH04_T03_08,DOC_CH04,0.052542865395326814,,hybrid_weighted
Q-023,1,CH04_T05_02,DOC_CH04,1.0,,hybrid_weighted
Q-023,2,CH04_T05_08,DOC_CH04,0.6518339411349983,,hybrid_weighted
Q-023,3,CH04_T04_02,DOC_CH04,0.5341802351046161,,hybrid_weighted
Q-023,4,CH04_T05_10,DOC_CH04,0.38216849230067695,,hybrid_weighted
Q-023,5,CH04_T03_02,DOC_CH04,0.3702756104974578,,hybrid_weighted
Q-023,6,CH04_T05_01,DOC_CH04,0.2812149665913446,,hybrid_weighted
Q-023,7,CH04_T03_08,DOC_CH04,0.20143831142348553,,hybrid_weighted
Q-023,8,CH04_T04_10,DOC_CH04,0.1343794450487664,,hybrid_weighted
Q-023,9,CH04_T04_08,DOC_CH04,0.1010796931730244,,hybrid_weighted
Q-023,10,CH04_T06_02,DOC_CH04,0.07367812095413137,,hybrid_weighted
Q-024,1,CH04_T06_02,DOC_CH04,1.0,,hybrid_weighted
Q-024,2,CH04_T06_08,DOC_CH04,0.809525209155955,,hybrid_weighted
Q-024,3,CH04_T06_01,DOC_CH04,0.6270736324070575,,hybrid_weighted
Q-024,4,CH04_T06_10,DOC_CH04,0.5272786705223724,,hybrid_weighted
Q-024,5,CH04_T04_02,DOC_CH04,0.28716487862513956,,hybrid_weighted
Q-024,6,CH04_T06_04,DOC_CH04,0.17693383309572963,,hybrid_weighted
Q-024,7,CH04_T06_06,DOC_CH04,0.16999848205593335,,hybrid_weighted
Q-024,8,CH04_T06_05,DOC_CH04,0.1443229104203821,,hybrid_weighted
Q-024,9,CH04_T03_02,DOC_CH04,0.13770740057940478,,hybrid_weighted
Q-024,10,CH04_T05_02,DOC_CH04,0.13418456625676142,,hybrid_weighted
Q-025,1,CH05_T02_01,DOC_CH05,0.6890665701055159,,hybrid_weighted
Q-025,2,CH05_T01_02,DOC_CH05,0.596039978471305,,hybrid_weighted
Q-025,3,CH05_T02_02,DOC_CH05,0.5404536062411852,,hybrid_weighted
Q-025,4,CH05_T01_08,DOC_CH05,0.3222907828140725,,hybrid_weighted
Q-025,5,CH05_T02_10,DOC_CH05,0.30599327937253645,,hybrid_weighted
Q-025,6,CH05_T02_08,DOC_CH05,0.27548727593784417,,hybrid_weighted
Q-025,7,CH05_T01_01,DOC_CH05,0.2627132052266985,,hybrid_weighted
Q-025,8,CH05_T03_02,DOC_CH05,0.21930578543714696,,hybrid_weighted
Q-025,9,CH05_T03_08,DOC_CH05,0.11747430608906136,,hybrid_weighted
Q-025,10,CH05_T02_04,DOC_CH05,0.06704349165899491,,hybrid_weighted
Q-026,1,CH05_T02_02,DOC_CH05,0.8984490536189922,,hybrid_weighted
Q-026,2,CH05_T02_08,DOC_CH05,0.6894946051794733,,hybrid_weighted
Q-026,3,CH05_T02_01,DOC_CH05,0.633091738382521,,hybrid_weighted
Q-026,4,CH05_T02_10,DOC_CH05,0.5163128110628822,,hybrid_weighted
Q-026,5,CH10_T01_01,DOC_CH10,0.19204344862355036,,hybrid_weighted
Q-026,6,CH05_T02_04,DOC_CH05,0.1560905056261562,,hybrid_weighted
Q-026,7,CH05_T03_02,DOC_CH05,0.14583909384764837,,hybrid_weighted
Q-026,8,CH05_T01_02,DOC_CH05,0.10071051101165643,,hybrid_weighted
Q-026,9,CH05_T03_08,DOC_CH05,0.09574443789207182,,hybrid_weighted
Q-026,10,CH05_T02_06,DOC_CH05,0.08024182700805067,,hybrid_weighted
Q-027,1,CH05_T03_02,DOC_CH05,0.9667511649474821,,hybrid_weighted
Q-027,2,CH05_T03_08,DOC_CH05,0.794572840727787,,hybrid_weighted
Q-027,3,CH05_T03_10,DOC_CH05,0.6479023958681951,,hybrid_weighted
Q-027,4,CH05_T03_01,DOC_CH05,0.5772855630414588,,hybrid_weighted
Q-027,5,CH05_T02_01,DOC_CH05,0.5,,hybrid_weighted
Q-027,6,CH05_T02_10,DOC_CH05,0.22419686913445672,,hybrid_weighted
Q-027,7,CH05_T02_02,DOC_CH05,0.16486144655275878,,hybrid_weighted
Q-027,8,CH05_T03_04,DOC_CH05,0.16202608833004567,,hybrid_weighted
Q-027,9,CH05_T06_02,DOC_CH05,0.15061971899207413,,hybrid_weighted
Q-027,10,CH05_T02_08,DOC_CH05,0.14442737087247237,,hybrid_weighted
Q-028,1,CH05_T04_02,DOC_CH05,0.9430558923015844,,hybrid_weighted
Q-028,2,CH05_T04_08,DOC_CH05,0.5668486422922061,,hybrid_weighted
Q-028,3,CH05_T02_01,DOC_CH05,0.5,,hybrid_weighted
Q-028,4,CH05_T04_10,DOC_CH05,0.37513914800821085,,hybrid_weighted
Q-028,5,CH05_T02_10,DOC_CH05,0.22419686913445672,,hybrid_weighted
Q-028,6,CH05_T02_02,DOC_CH05,0.20450667561503744,,hybrid_weighted
Q-028,7,CH05_T06_02,DOC_CH05,0.15061971899207413,,hybrid_weighted
Q-028,8,CH05_T04_01,DOC_CH05,0.14762329762102902,,hybrid_weighted
Q-028,9,CH05_T04_04,DOC_CH05,0.14606923614605866,,hybrid_weighted
Q-028,10,CH05_T02_08,DOC_CH05,0.14442737087247237,,hybrid_weighted
Q-029,1,CH05_T05_02,DOC_CH05,1.0,,hybrid_weighted
Q-029,2,CH05_T05_08,DOC_CH05,0.7553603204401602,,hybrid_weighted
Q-029,3,CH05_T05_10,DOC_CH05,0.5793736108832531,,hybrid_weighted
Q-029,4,CH05_T05_01,DOC_CH05,0.5546438876361991,,hybrid_weighted
Q-029,5,CH02_T02_01,DOC_CH02,0.3588106818397622,,hybrid_weighted
Q-029,6,CH05_T06_02,DOC_CH05,0.33280537567369856,,hybrid_weighted
Q-029,7,CH05_T02_01,DOC_CH05,0.2908642749513361,,hybrid_weighted
Q-029,8,CH05_T05_04,DOC_CH05,0.16517387580386916,,hybrid_weighted
Q-029,9,CH05_T05_06,DOC_CH05,0.1400665067574853,,hybrid_weighted
Q-029,10,CH05_T05_09,DOC_CH05,0.13840129473540727,,hybrid_weighted
Q-030,1,CH05_T06_02,DOC_CH05,1.0,,hybrid_weighted
Q-030,2,CH05_T06_08,DOC_CH05,0.7791698039431973,,hybrid_weighted
Q-030,3,CH05_T06_10,DOC_CH05,0.6127239401472717,,hybrid_weighted
Q-030,4,CH05_T06_01,DOC_CH05,0.5467464406932316,,hybrid_weighted
Q-030,5,CH05_T06_06,DOC_CH05,0.26817692875102667,,hybrid_weighted
Q-030,6,CH05_T06_04,DOC_CH05,0.23732041401810328,,hybrid_weighted
Q-030,7,CH05_T06_05,DOC_CH05,0.14135558597222123,,hybrid_weighted
Q-030,8,CH04_T01_08,DOC_CH04,0.07331453957776614,,hybrid_weighted
Q-030,9,CH05_T06_03,DOC_CH05,0.02109622717913717,,hybrid_weighted
Q-030,10,CH05_T05_01,DOC_CH05,0.01798381081510232,,hybrid_weighted
Q-031,1,CH02_T02_01,DOC_CH02,0.5,,hybrid_weighted
Q-031,2,CH06_T01_08,DOC_CH06,0.5,,hybrid_weighted
Q-031,3,CH06_T01_02,DOC_CH06,0.49169003116424437,,hybrid_weighted
Q-031,4,CH06_T01_01,DOC_CH06,0.3793550654181116,,hybrid_weighted
Q-031,5,CH06_T03_01,DOC_CH06,0.3020699440018562,,hybrid_weighted
Q-031,6,CH06_T01_10,DOC_CH06,0.18653654018817664,,hybrid_weighted
Q-031,7,CH06_T01_06,DOC_CH06,0.1731152928143561,,hybrid_weighted
Q-031,8,CH02_T02_02,DOC_CH02,0.16077444416833347,,hybrid_weighted
Q-031,9,CH06_T06_02,DOC_CH06,0.13103686255123934,,hybrid_weighted
Q-031,10,CH10_T01_01,DOC_CH10,0.11692341704492093,,hybrid_weighted
Q-032,1,CH06_T02_02,DOC_CH06,1.0,,hybrid_weighted
Q-032,2,CH06_T02_08,DOC_CH06,0.64620068367221,,hybrid_weighted
Q-032,3,CH06_T02_10,DOC_CH06,0.5759662194808737,,hybrid_weighted
Q-032,4,CH06_T01_08,DOC_CH06,0.4652960184342697,,hybrid_weighted
Q-032,5,CH06_T01_02,DOC_CH06,0.3272898342556191,,hybrid_weighted
Q-032,6,CH02_T02_01,DOC_CH02,0.2134578114032679,,hybrid_weighted
Q-032,7,CH06_T01_01,DOC_CH06,0.18035455067421283,,hybrid_weighted
Q-032,8,CH01_T04_01,DOC_CH01,0.15085580774907606,,hybrid_weighted
Q-032,9,CH02_T02_02,DOC_CH02,0.13315207751826405,,hybrid_weighted
Q-032,10,CH06_T02_04,DOC_CH06,0.12161534485093688,,hybrid_weighted
Q-033,1,CH06_T03_02,DOC_CH06,1.0,,hybrid_weighted
Q-033,2,CH06_T03_08,DOC_CH06,0.8517134511581788,,hybrid_weighted
Q-033,3,CH06_T03_10,DOC_CH06,0.7340892344254806,,hybrid_weighted
Q-033,4,CH06_T03_01,DOC_CH06,0.7219641623203252,,hybrid_weighted
Q-033,5,CH06_T03_06,DOC_CH06,0.3010514758693188,,hybrid_weighted
Q-033,6,CH06_T03_04,DOC_CH06,0.2830633645961806,,hybrid_weighted
Q-033,7,CH06_T03_05,DOC_CH06,0.1959413238148958,,hybrid_weighted
Q-033,8,CH02_T02_01,DOC_CH02,0.14062045919491054,,hybrid_weighted
Q-033,9,CH06_T03_09,DOC_CH06,0.11392741494897139,,hybrid_weighted
Q-033,10,CH06_T03_03,DOC_CH06,0.07085232914064601,,hybrid_weighted
Q-034,1,CH06_T04_02,DOC_CH06,1.0,,hybrid_weighted
Q-034,2,CH06_T04_08,DOC_CH06,0.6654886442370169,,hybrid_weighted
Q-034,3,CH06_T04_01,DOC_CH06,0.6426877504072726,,hybrid_weighted
Q-034,4,CH06_T04_10,DOC_CH06,0.587142358997587,,hybrid_weighted
Q-034,5,CH02_T02_01,DOC_CH02,0.20352620019821438,,hybrid_weighted
Q-034,6,CH06_T04_04,DOC_CH06,0.17652332687502675,,hybrid_weighted
Q-034,7,CH06_T04_06,DOC_CH06,0.16688915487274222,,hybrid_weighted
Q-034,8,CH06_T04_09,DOC_CH06,0.09471575708386963,,hybrid_weighted
Q-034,9,CH05_T06_02,DOC_CH05,0.08955803891434605,,hybrid_weighted
Q-034,10,CH06_T04_07,DOC_CH06,0.043378823859480366,,hybrid_weighted
Q-035,1,CH06_T05_02,DOC_CH06,1.0,,hybrid_weighted
Q-035,2,CH06_T05_08,DOC_CH06,0.6409202294867271,,hybrid_weighted
Q-035,3,CH06_T05_01,DOC_CH06,0.43733993136100113,,hybrid_weighted
Q-035,4,CH06_T05_10,DOC_CH06,0.36442115303200245,,hybrid_weighted
Q-035,5,CH06_T01_02,DOC_CH06,0.2605784047133469,,hybrid_weighted
Q-035,6,CH06_T01_08,DOC_CH06,0.19525691139814186,,hybrid_weighted
Q-035,7,CH02_T02_01,DOC_CH02,0.17823296304026628,,hybrid_weighted
Q-035,8,CH06_T01_01,DOC_CH06,0.1607642193519148,,hybrid_weighted
Q-035,9,CH06_T06_02,DOC_CH06,0.09328886245184681,,hybrid_weighted
Q-035,10,CH06_T05_06,DOC_CH06,0.08942002100399271,,hybrid_weighted
Q-036,1,CH06_T06_02,DOC_CH06,0.8978167036825913,,hybrid_weighted
Q-036,2,CH02_T02_01,DOC_CH02,0.5,,hybrid_weighted
Q-036,3,CH06_T01_02,DOC_CH06,0.3847821500014942,,hybrid_weighted
Q-036,4,CH06_T06_01,DOC_CH06,0.38274916496033184,,hybrid_weighted
Q-036,5,CH06_T01_08,DOC_CH06,0.37363178718228984,,hybrid_weighted
Q-036,6,CH09_T05_02,DOC_CH09,0.35033361615848746,,hybrid_weighted
Q-036,7,CH06_T03_01,DOC_CH06,0.33417243797878854,,hybrid_weighted
Q-036,8,CH06_T06_08,DOC_CH06,0.24211899455657995,,hybrid_weighted
Q-036,9,CH06_T01_01,DOC_CH06,0.2199328243389971,,hybrid_weighted
Q-036,10,CH09_T06_01,DOC_CH09,0.15489589655209066,,hybrid_weighted
Q-037,1,CH07_T01_02,DOC_CH07,1.0,,hybrid_weighted
Q-037,2,CH07_T01_08,DOC_CH07,0.7623010973542517,,hybrid_weighted
Q-037,3,CH07_T01_10,DOC_CH07,0.6479582127297868,,hybrid_weighted
Q-037,4,CH07_T01_01,DOC_CH07,0.5761380754081908,,hybrid_weighted
Q-037,5,CH07_T01_06,DOC_CH07,0.2404071765198399,,hybrid_weighted
Q-037,6,CH07_T01_04,DOC_CH07,0.23646643018370508,,hybrid_weighted
Q-037,7,CH07_T01_05,DOC_CH07,0.1662744875147259,,hybrid_weighted
Q-037,8,CH07_T02_02,DOC_CH07,0.10319363617675315,,hybrid_weighted
Q-037,9,CH07_T01_03,DOC_CH07,0.030491739295102998,,hybrid_weighted
Q-037,10,CH07_T01_09,DOC_CH07,0.012527336951611172,,hybrid_weighted
Q-038,1,CH07_T02_02,DOC_CH07,1.0,,hybrid_weighted
Q-038,2,CH07_T02_01,DOC_CH07,0.7455882367980141,,hybrid_weighted
Q-038,3,CH07_T02_08,DOC_CH07,0.7315324497996123,,hybrid_weighted
Q-038,4,CH07_T02_10,DOC_CH07,0.5048843190593449,,hybrid_weighted
Q-038,5,CH07_T02_06,DOC_CH07,0.24201679781843796,,hybrid_weighted
Q-038,6,CH07_T02_04,DOC_CH07,0.19864140028859786,,hybrid_weighted
Q-038,7,CH07_T02_05,DOC_CH07,0.15227079620588976,,hybrid_weighted
Q-038,8,CH07_T01_02,DOC_CH07,0.10372935485726754,,hybrid_weighted
Q-038,9,CH07_T02_03,DOC_CH07,0.06613690235814845,,hybrid_weighted
Q-038,10,CH07_T06_01,DOC_CH07,0.06526311408022585,,hybrid_weighted
Q-039,1,CH07_T03_02,DOC_CH07,0.9612051557551381,,hybrid_weighted
Q-039,2,CH07_T03_08,DOC_CH07,0.7572898002670269,,hybrid_weighted
Q-039,3,CH07_T03_10,DOC_CH07,0.42708818473064464,,hybrid_weighted
Q-039,4,CH07_T03_01,DOC_CH07,0.2716584428505399,,hybrid_weighted
Q-039,5,CH03_T04_02,DOC_CH03,0.2525809288912169,,hybrid_weighted
Q-039,6,CH15_T01_02,DOC_CH15,0.22955066413494077,,hybrid_weighted
Q-039,7,CH07_T03_03,DOC_CH07,0.22323296136839527,,hybrid_weighted
Q-039,8,CH07_T03_04,DOC_CH07,0.116513419052021,,hybrid_weighted
Q-039,9,CH08_T01_08,DOC_CH08,0.10542191472829104,,hybrid_weighted
Q-039,10,CH07_T02_08,DOC_CH07,0.10339378756302137,,hybrid_weighted
Q-040,1,CH07_T04_02,DOC_CH07,0.9767627543773099,,hybrid_weighted
Q-040,2,CH07_T04_08,DOC_CH07,0.7923587879526826,,hybrid_weighted
Q-040,3,CH07_T04_10,DOC_CH07,0.6015098354574961,,hybrid_weighted
Q-040,4,CH07_T04_06,DOC_CH07,0.35807267523054154,,hybrid_weighted
Q-040,5,CH07_T04_01,DOC_CH07,0.3154800460271133,,hybrid_weighted
Q-040,6,CH07_T04_03,DOC_CH07,0.277402453895378,,hybrid_weighted
Q-040,7,CH07_T04_09,DOC_CH07,0.2760277192790126,,hybrid_weighted
Q-040,8,CH07_T04_05,DOC_CH07,0.17951122642260214,,hybrid_weighted
Q-040,9,CH07_T04_07,DOC_CH07,0.1775233035791605,,hybrid_weighted
Q-040,10,CH07_T04_04,DOC_CH07,0.16634149102659065,,hybrid_weighted
Q-041,1,CH07_T05_02,DOC_CH07,0.9567197471797824,,hybrid_weighted
Q-041,2,CH07_T05_08,DOC_CH07,0.8548187871134583,,hybrid_weighted
Q-041,3,CH03_T04_02,DOC_CH03,0.4667117953542631,,hybrid_weighted
Q-041,4,CH07_T05_10,DOC_CH07,0.38721543200169734,,hybrid_weighted
Q-041,5,CH07_T05_01,DOC_CH07,0.364653401856215,,hybrid_weighted
Q-041,6,CH07_T05_03,DOC_CH07,0.21694404028161748,,hybrid_weighted
Q-041,7,CH03_T04_08,DOC_CH03,0.17089400079051748,,hybrid_weighted
Q-041,8,CH15_T01_02,DOC_CH15,0.1512564805060245,,hybrid_weighted
Q-041,9,CH07_T05_06,DOC_CH07,0.09026052185842255,,hybrid_weighted
Q-041,10,CH07_T05_09,DOC_CH07,0.07718219578954838,,hybrid_weighted
Q-042,1,CH07_T06_02,DOC_CH07,0.9279554438336961,,hybrid_weighted
Q-042,2,CH07_T06_08,DOC_CH07,0.8647876280392488,,hybrid_weighted
Q-042,3,CH07_T06_10,DOC_CH07,0.5739617195579663,,hybrid_weighted
Q-042,4,CH07_T06_07,DOC_CH07,0.3973461014083369,,hybrid_weighted
Q-042,5,CH07_T06_03,DOC_CH07,0.39601068450338656,,hybrid_weighted
Q-042,6,CH07_T06_09,DOC_CH07,0.28830954896849376,,hybrid_weighted
Q-042,7,CH07_T06_01,DOC_CH07,0.24574225129332394,,hybrid_weighted
Q-042,8,CH07_T06_05,DOC_CH07,0.2426622799989614,,hybrid_weighted
Q-042,9,CH07_T06_04,DOC_CH07,0.22051471203808354,,hybrid_weighted
Q-042,10,CH07_T06_06,DOC_CH07,0.19601502124177353,,hybrid_weighted
Q-043,1,CH08_T01_02,DOC_CH08,1.0,,hybrid_weighted
Q-043,2,CH08_T01_08,DOC_CH08,0.8414612764858307,,hybrid_weighted
Q-043,3,CH08_T01_10,DOC_CH08,0.56109045529897,,hybrid_weighted
Q-043,4,CH08_T01_03,DOC_CH08,0.38851134200158444,,hybrid_weighted
Q-043,5,CH08_T01_07,DOC_CH08,0.27319033079908683,,hybrid_weighted
Q-043,6,CH08_T01_09,DOC_CH08,0.26236433018707267,,hybrid_weighted
Q-043,7,CH08_T01_05,DOC_CH08,0.19016482461171474,,hybrid_weighted
Q-043,8,CH08_T01_04,DOC_CH08,0.11471143028787364,,hybrid_weighted
Q-043,9,CH08_T01_06,DOC_CH08,0.06102636768924215,,hybrid_weighted
Q-043,10,CH08_T01_01,DOC_CH08,0.03201376094435296,,hybrid_weighted
Q-044,1,CH08_T02_02,DOC_CH08,0.5597351187309676,,hybrid_weighted
Q-044,2,CH08_T01_08,DOC_CH08,0.5,,hybrid_weighted
Q-044,3,CH08_T02_08,DOC_CH08,0.46164321206912273,,hybrid_weighted
Q-044,4,CH08_T01_02,DOC_CH08,0.45435047453908434,,hybrid_weighted
Q-044,5,CH08_T02_10,DOC_CH08,0.32636872995731653,,hybrid_weighted
Q-044,6,CH03_T04_02,DOC_CH03,0.17771576089754693,,hybrid_weighted
Q-044,7,CH15_T01_02,DOC_CH15,0.15417907937712894,,hybrid_weighted
Q-044,8,CH08_T02_01,DOC_CH08,0.14994369623504636,,hybrid_weighted
Q-044,9,CH08_T02_03,DOC_CH08,0.12766471636442792,,hybrid_weighted
Q-044,10,CH08_T02_06,DOC_CH08,0.09384360750876836,,hybrid_weighted
Q-045,1,CH08_T03_02,DOC_CH08,0.7954709276627733,,hybrid_weighted
Q-045,2,CH08_T01_08,DOC_CH08,0.5,,hybrid_weighted
Q-045,3,CH08_T01_02,DOC_CH08,0.4328288125757793,,hybrid_weighted
Q-045,4,CH08_T03_08,DOC_CH08,0.40593008537067804,,hybrid_weighted
Q-045,5,CH15_T06_08,DOC_CH15,0.3745406599886279,,hybrid_weighted
Q-045,6,CH09_T05_02,DOC_CH09,0.35730821960491055,,hybrid_weighted
Q-045,7,CH09_T05_10,DOC_CH09,0.20444008225836605,,hybrid_weighted
Q-045,8,CH08_T03_10,DOC_CH08,0.19352838536798156,,hybrid_weighted
Q-045,9,CH09_T05_08,DOC_CH09,0.17896803140773976,,hybrid_weighted
Q-045,10,CH09_T05_01,DOC_CH09,0.13265485760578302,,hybrid_weighted
Q-046,1,CH08_T04_02,DOC_CH08,0.972916077072261,,hybrid_weighted
Q-046,2,CH08_T04_08,DOC_CH08,0.8091995482684794,,hybrid_weighted
Q-046,3,CH08_T04_10,DOC_CH08,0.4785554529732571,,hybrid_weighted
Q-046,4,CH08_T04_01,DOC_CH08,0.36442170025945725,,hybrid_weighted
Q-046,5,CH08_T04_03,DOC_CH08,0.26401575031181623,,hybrid_weighted
Q-046,6,CH08_T04_09,DOC_CH08,0.23871977174680248,,hybrid_weighted
Q-046,7,CH08_T04_04,DOC_CH08,0.16498215598142882,,hybrid_weighted
Q-046,8,CH08_T01_08,DOC_CH08,0.122829132676317,,hybrid_weighted
Q-046,9,CH08_T04_07,DOC_CH08,0.12068310075363806,,hybrid_weighted
Q-046,10,CH08_T01_02,DOC_CH08,0.09508444242444618,,hybrid_weighted
Q-047,1,CH08_T05_02,DOC_CH08,0.9713875553860085,,hybrid_weighted
Q-047,2,CH08_T05_08,DOC_CH08,0.808579749713111,,hybrid_weighted
Q-047,3,CH08_T05_10,DOC_CH08,0.4200112737289343,,hybrid_weighted
Q-047,4,CH07_T02_08,DOC_CH07,0.2722930012728778,,hybrid_weighted
Q-047,5,CH08_T05_01,DOC_CH08,0.2505585498371123,,hybrid_weighted
Q-047,6,CH08_T01_08,DOC_CH08,0.20494079464035334,,hybrid_weighted
Q-047,7,CH08_T05_06,DOC_CH08,0.19982638527800942,,hybrid_weighted
Q-047,8,CH08_T05_03,DOC_CH08,0.19260018654309025,,hybrid_weighted
Q-047,9,CH08_T01_02,DOC_CH08,0.17316437799880188,,hybrid_weighted
Q-047,10,CH08_T05_09,DOC_CH08,0.1317641908097613,,hybrid_weighted
Q-048,1,CH08_T06_02,DOC_CH08,0.9578478822448906,,hybrid_weighted
Q-048,2,CH08_T06_08,DOC_CH08,0.7413639114027546,,hybrid_weighted
Q-048,3,CH08_T01_08,DOC_CH08,0.299298419732137,,hybrid_weighted
Q-048,4,CH08_T01_02,DOC_CH08,0.2614355976467092,,hybrid_weighted
Q-048,5,CH08_T06_10,DOC_CH08,0.2601120049370099,,hybrid_weighted
Q-048,6,CH08_T06_04,DOC_CH08,0.2540808180693276,,hybrid_weighted
Q-048,7,CH08_T06_03,DOC_CH08,0.22972456728442822,,hybrid_weighted
Q-048,8,CH03_T04_02,DOC_CH03,0.21146943649931407,,hybrid_weighted
Q-048,9,CH08_T06_09,DOC_CH08,0.19581032791449055,,hybrid_weighted
Q-048,10,CH08_T06_05,DOC_CH08,0.1561956333687837,,hybrid_weighted
Q-049,1,CH09_T01_02,DOC_CH09,0.7175297472900376,,hybrid_weighted
Q-049,2,CH09_T01_08,DOC_CH09,0.5421857319276155,,hybrid_weighted
Q-049,3,CH08_T01_08,DOC_CH08,0.5,,hybrid_weighted
Q-049,4,CH08_T01_02,DOC_CH08,0.45201782979003474,,hybrid_weighted
Q-049,5,CH09_T01_10,DOC_CH09,0.32675281482309176,,hybrid_weighted
Q-049,6,CH09_T01_01,DOC_CH09,0.3095048343313111,,hybrid_weighted
Q-049,7,CH15_T01_02,DOC_CH15,0.27578802258200924,,hybrid_weighted
Q-049,8,CH12_T05_08,DOC_CH12,0.22454558728561058,,hybrid_weighted
Q-049,9,CH03_T04_02,DOC_CH03,0.1612473610521325,,hybrid_weighted
Q-049,10,CH09_T01_03,DOC_CH09,0.06842049480416193,,hybrid_weighted
Q-050,1,CH09_T02_02,DOC_CH09,0.9638811771886167,,hybrid_weighted
Q-050,2,CH09_T02_08,DOC_CH09,0.8191571503885565,,hybrid_weighted
Q-050,3,CH10_T04_02,DOC_CH10,0.5378777307008414,,hybrid_weighted
Q-050,4,CH10_T04_08,DOC_CH10,0.43550094287709634,,hybrid_weighted
Q-050,5,CH09_T02_10,DOC_CH09,0.3913037570063825,,hybrid_weighted
Q-050,6,CH09_T02_01,DOC_CH09,0.2336101775836248,,hybrid_weighted
Q-050,7,CH08_T01_08,DOC_CH08,0.2281735564933557,,hybrid_weighted
Q-050,8,CH08_T01_02,DOC_CH08,0.1941311871377048,,hybrid_weighted
Q-050,9,CH09_T02_03,DOC_CH09,0.06643834338225346,,hybrid_weighted
Q-050,10,CH10_T04_10,DOC_CH10,0.03178471963790026,,hybrid_weighted
Q-051,1,CH09_T03_02,DOC_CH09,0.9568030129537344,,hybrid_weighted
Q-051,2,CH09_T03_08,DOC_CH09,0.8631179705550993,,hybrid_weighted
Q-051,3,CH09_T03_10,DOC_CH09,0.45870161312241164,,hybrid_weighted
Q-051,4,CH03_T04_02,DOC_CH03,0.30522583319527696,,hybrid_weighted
Q-051,5,CH15_T01_02,DOC_CH15,0.27936561786892633,,hybrid_weighted
Q-051,6,CH09_T03_01,DOC_CH09,0.21849678881272,,hybrid_weighted
Q-051,7,CH09_T03_03,DOC_CH09,0.20934697371854852,,hybrid_weighted
Q-051,8,CH08_T01_08,DOC_CH08,0.1286992499596673,,hybrid_weighted
Q-051,9,CH07_T02_08,DOC_CH07,0.12594863690642702,,hybrid_weighted
Q-051,10,CH09_T03_04,DOC_CH09,0.09781192117474079,,hybrid_weighted
Q-052,1,CH09_T04_02,DOC_CH09,0.5370566227659778,,hybrid_weighted
Q-052,2,CH08_T01_02,DOC_CH08,0.5,,hybrid_weighted
Q-052,3,CH15_T01_02,DOC_CH15,0.4673738638442391,,hybrid_weighted
Q-052,4,CH08_T01_08,DOC_CH08,0.4450305019215482,,hybrid_weighted
Q-052,5,CH09_T04_10,DOC_CH09,0.40407302790095806,,hybrid_weighted
Q-052,6,CH09_T04_08,DOC_CH09,0.4002835740792608,,hybrid_weighted
Q-052,7,CH07_T02_08,DOC_CH07,0.23158307288804356,,hybrid_weighted
Q-052,8,CH03_T04_02,DOC_CH03,0.22662491786228264,,hybrid_weighted
Q-052,9,CH09_T05_02,DOC_CH09,0.11819750855713244,,hybrid_weighted
Q-052,10,CH09_T04_06,DOC_CH09,0.08993939852441697,,hybrid_weighted
Q-053,1,CH09_T05_02,DOC_CH09,0.7749196287234453,,hybrid_weighted
Q-053,2,CH09_T05_08,DOC_CH09,0.6811324147284352,,hybrid_weighted
Q-053,3,CH08_T01_02,DOC_CH08,0.5,,hybrid_weighted
Q-053,4,CH08_T01_08,DOC_CH08,0.454536930671711,,hybrid_weighted
Q-053,5,CH09_T05_10,DOC_CH09,0.3870493083054941,,hybrid_weighted
Q-053,6,CH09_T05_01,DOC_CH09,0.3715038675302237,,hybrid_weighted
Q-053,7,CH03_T04_02,DOC_CH03,0.27390242322904307,,hybrid_weighted
Q-053,8,CH15_T01_02,DOC_CH15,0.2522499366699419,,hybrid_weighted
Q-053,9,CH09_T05_03,DOC_CH09,0.17370761904286325,,hybrid_weighted
Q-053,10,CH09_T05_04,DOC_CH09,0.1199691729460976,,hybrid_weighted
Q-054,1,CH09_T06_02,DOC_CH09,0.6726437062653723,,hybrid_weighted
Q-054,2,CH08_T01_08,DOC_CH08,0.5,,hybrid_weighted
Q-054,3,CH08_T01_02,DOC_CH08,0.4607927894323987,,hybrid_weighted
Q-054,4,CH09_T06_08,DOC_CH09,0.44077219889323205,,hybrid_weighted
Q-054,5,CH09_T06_10,DOC_CH09,0.28668420777907816,,hybrid_weighted
Q-054,6,CH03_T04_02,DOC_CH03,0.22319830496534643,,hybrid_weighted
Q-054,7,CH15_T01_02,DOC_CH15,0.20298325083025603,,hybrid_weighted
Q-054,8,CH09_T06_01,DOC_CH09,0.16116772710040056,,hybrid_weighted
Q-054,9,CH09_T06_03,DOC_CH09,0.12140386591282465,,hybrid_weighted
Q-054,10,CH09_T06_06,DOC_CH09,0.10779164674919368,,hybrid_weighted
Q-055,1,CH10_T01_02,DOC_CH10,0.552459887040229,,hybrid_weighted
Q-055,2,CH10_T06_02,DOC_CH10,0.5299170541172717,,hybrid_weighted
Q-055,3,CH10_T06_08,DOC_CH10,0.5,,hybrid_weighted
Q-055,4,CH10_T01_08,DOC_CH10,0.3476073837668111,,hybrid_weighted
Q-055,5,CH10_T01_10,DOC_CH10,0.31516348655397064,,hybrid_weighted
Q-055,6,CH15_T01_02,DOC_CH15,0.3119654854628025,,hybrid_weighted
Q-055,7,CH03_T04_02,DOC_CH03,0.22798055692188104,,hybrid_weighted
Q-055,8,CH10_T01_01,DOC_CH10,0.16924833671583525,,hybrid_weighted
Q-055,9,CH10_T06_01,DOC_CH10,0.15651604483785958,,hybrid_weighted
Q-055,10,CH08_T01_08,DOC_CH08,0.0557314412685001,,hybrid_weighted
Q-056,1,CH10_T02_02,DOC_CH10,0.8358812113116182,,hybrid_weighted
Q-056,2,CH10_T02_08,DOC_CH10,0.764261766348406,,hybrid_weighted
Q-056,3,CH03_T04_02,DOC_CH03,0.5,,hybrid_weighted
Q-056,4,CH15_T01_02,DOC_CH15,0.4465915639492563,,hybrid_weighted
Q-056,5,CH10_T06_08,DOC_CH10,0.3883999492523823,,hybrid_weighted
Q-056,6,CH10_T02_10,DOC_CH10,0.380428061142131,,hybrid_weighted
Q-056,7,CH10_T02_01,DOC_CH10,0.23750439774669807,,hybrid_weighted
Q-056,8,CH10_T02_05,DOC_CH10,0.1532572298955716,,hybrid_weighted
Q-056,9,CH10_T02_09,DOC_CH10,0.144863638809442,,hybrid_weighted
Q-056,10,CH10_T02_03,DOC_CH10,0.13718941560672349,,hybrid_weighted
Q-057,1,CH10_T03_02,DOC_CH10,0.9880829250333628,,hybrid_weighted
Q-057,2,CH10_T03_08,DOC_CH10,0.8159123397412035,,hybrid_weighted
Q-057,3,CH10_T03_10,DOC_CH10,0.45029156828757366,,hybrid_weighted
Q-057,4,CH10_T03_01,DOC_CH10,0.24833636106437154,,hybrid_weighted
Q-057,5,CH10_T03_03,DOC_CH10,0.15634340772229777,,hybrid_weighted
Q-057,6,CH10_T03_07,DOC_CH10,0.08654310056449263,,hybrid_weighted
Q-057,7,CH11_T01_08,DOC_CH11,0.07847482797463964,,hybrid_weighted
Q-057,8,CH10_T03_04,DOC_CH10,0.0719954732939232,,hybrid_weighted
Q-057,9,CH10_T03_06,DOC_CH10,0.0420907851552042,,hybrid_weighted
Q-057,10,CH10_T03_05,DOC_CH10,0.041639367452387686,,hybrid_weighted
Q-058,1,CH10_T04_02,DOC_CH10,0.9645621146724489,,hybrid_weighted
Q-058,2,CH10_T04_08,DOC_CH10,0.7991286547588856,,hybrid_weighted
Q-058,3,CH09_T02_02,DOC_CH09,0.543090740794267,,hybrid_weighted
Q-058,4,CH10_T04_10,DOC_CH10,0.44233108869035853,,hybrid_weighted
Q-058,5,CH09_T02_08,DOC_CH09,0.4377554981184386,,hybrid_weighted
Q-058,6,CH10_T04_03,DOC_CH10,0.22685415190052885,,hybrid_weighted
Q-058,7,CH10_T04_01,DOC_CH10,0.18438492566694442,,hybrid_weighted
Q-058,8,CH10_T04_07,DOC_CH10,0.06759090149939237,,hybrid_weighted
Q-058,9,CH10_T04_06,DOC_CH10,0.05615712898861542,,hybrid_weighted
Q-058,10,CH10_T04_09,DOC_CH10,0.05230977440430902,,hybrid_weighted
Q-059,1,CH07_T02_08,DOC_CH07,0.5,,hybrid_weighted
Q-059,2,CH10_T05_02,DOC_CH10,0.5,,hybrid_weighted
Q-059,3,CH03_T04_02,DOC_CH03,0.4499193572934333,,hybrid_weighted
Q-059,4,CH15_T01_02,DOC_CH15,0.41473495247006564,,hybrid_weighted
Q-059,5,CH10_T05_08,DOC_CH10,0.3319731112597605,,hybrid_weighted
Q-059,6,CH10_T05_10,DOC_CH10,0.28428949534970477,,hybrid_weighted
Q-059,7,CH10_T05_01,DOC_CH10,0.24795303394779836,,hybrid_weighted
Q-059,8,CH10_T05_03,DOC_CH10,0.21151848540591997,,hybrid_weighted
Q-059,9,CH08_T01_08,DOC_CH08,0.20974414265325095,,hybrid_weighted
Q-059,10,CH10_T05_05,DOC_CH10,0.16377296203866884,,hybrid_weighted
Q-060,1,CH10_T06_08,DOC_CH10,0.9473339025997162,,hybrid_weighted
Q-060,2,CH10_T06_02,DOC_CH10,0.9292160271850856,,hybrid_weighted
Q-060,3,CH10_T06_10,DOC_CH10,0.6282490950153475,,hybrid_weighted
Q-060,4,CH10_T06_03,DOC_CH10,0.41226756418521865,,hybrid_weighted
Q-060,5,CH10_T06_06,DOC_CH10,0.2962677880675623,,hybrid_weighted
Q-060,6,CH10_T06_09,DOC_CH10,0.16554903354093642,,hybrid_weighted
Q-060,7,CH10_T06_04,DOC_CH10,0.11845584171475243,,hybrid_weighted
Q-060,8,CH05_T02_02,DOC_CH05,0.11160109155833686,,hybrid_weighted
Q-060,9,CH15_T02_02,DOC_CH15,0.10599204662175574,,hybrid_weighted
Q-060,10,CH10_T06_07,DOC_CH10,0.09062527493628555,,hybrid_weighted
Q-061,1,CH11_T01_08,DOC_CH11,0.9589882765516144,,hybrid_weighted
Q-061,2,CH11_T01_02,DOC_CH11,0.6968453210618362,,hybrid_weighted
Q-061,3,CH03_T04_02,DOC_CH03,0.5,,hybrid_weighted
Q-061,4,CH15_T01_02,DOC_CH15,0.4608571710779378,,hybrid_weighted
Q-061,5,CH11_T01_10,DOC_CH11,0.4578426904911255,,hybrid_weighted
Q-061,6,CH12_T06_08,DOC_CH12,0.33668922976734406,,hybrid_weighted
Q-061,7,CH11_T01_01,DOC_CH11,0.2650336078050816,,hybrid_weighted
Q-061,8,CH08_T01_08,DOC_CH08,0.2068125246490105,,hybrid_weighted
Q-061,9,CH07_T02_08,DOC_CH07,0.20009981649053774,,hybrid_weighted
Q-061,10,CH11_T01_03,DOC_CH11,0.18243232114155358,,hybrid_weighted
Q-062,1,CH11_T02_02,DOC_CH11,0.9270964505433381,,hybrid_weighted
Q-062,2,CH11_T02_08,DOC_CH11,0.803427236194888,,hybrid_weighted
Q-062,3,CH11_T02_10,DOC_CH11,0.5390665996265402,,hybrid_weighted
Q-062,4,CH11_T02_07,DOC_CH11,0.30259106637767563,,hybrid_weighted
Q-062,5,CH11_T02_06,DOC_CH11,0.2985624924565903,,hybrid_weighted
Q-062,6,CH11_T02_01,DOC_CH11,0.27058060450308147,,hybrid_weighted
Q-062,7,CH11_T02_03,DOC_CH11,0.2032365020375716,,hybrid_weighted
Q-062,8,CH11_T02_09,DOC_CH11,0.20235547972743945,,hybrid_weighted
Q-062,9,CH11_T02_05,DOC_CH11,0.07476742930866044,,hybrid_weighted
Q-062,10,CH11_T02_04,DOC_CH11,0.04175499111388205,,hybrid_weighted
Q-063,1,CH11_T03_02,DOC_CH11,0.9647098522155277,,hybrid_weighted
Q-063,2,CH11_T03_08,DOC_CH11,0.7198414809683131,,hybrid_weighted
Q-063,3,CH11_T03_10,DOC_CH11,0.4300163871833355,,hybrid_weighted
Q-063,4,CH03_T04_02,DOC_CH03,0.2469276730121332,,hybrid_weighted
Q-063,5,CH11_T03_03,DOC_CH11,0.22861039531601937,,hybrid_weighted
Q-063,6,CH11_T03_01,DOC_CH11,0.20339846672780038,,hybrid_weighted
Q-063,7,CH11_T03_09,DOC_CH11,0.15750802625001215,,hybrid_weighted
Q-063,8,CH11_T03_05,DOC_CH11,0.13313782331284202,,hybrid_weighted
Q-063,9,CH11_T03_04,DOC_CH11,0.10143080223135388,,hybrid_weighted
Q-063,10,CH11_T03_07,DOC_CH11,0.09223791053754153,,hybrid_weighted
Q-064,1,CH11_T04_02,DOC_CH11,0.9518915435261108,,hybrid_weighted
Q-064,2,CH11_T04_08,DOC_CH11,0.7364670029458582,,hybrid_weighted
Q-064,3,CH11_T04_10,DOC_CH11,0.47997693616226433,,hybrid_weighted
Q-064,4,CH11_T05_02,DOC_CH11,0.25285445615531943,,hybrid_weighted
Q-064,5,CH11_T05_08,DOC_CH11,0.19995101910729607,,hybrid_weighted
Q-064,6,CH11_T04_01,DOC_CH11,0.19493605832045102,,hybrid_weighted
Q-064,7,CH11_T04_03,DOC_CH11,0.11551947880767745,,hybrid_weighted
Q-064,8,CH11_T04_09,DOC_CH11,0.10935149118963117,,hybrid_weighted
Q-064,9,CH11_T04_06,DOC_CH11,0.09680785185468065,,hybrid_weighted
Q-064,10,CH11_T04_07,DOC_CH11,0.07419089516126909,,hybrid_weighted
Q-065,1,CH11_T05_02,DOC_CH11,0.9720028937785901,,hybrid_weighted
Q-065,2,CH11_T05_08,DOC_CH11,0.848781950860874,,hybrid_weighted
Q-065,3,CH11_T05_10,DOC_CH11,0.5863635754955953,,hybrid_weighted
Q-065,4,CH11_T05_03,DOC_CH11,0.306445327880619,,hybrid_weighted
Q-065,5,CH11_T05_01,DOC_CH11,0.28886581193167443,,hybrid_weighted
Q-065,6,CH11_T05_06,DOC_CH11,0.2638680719370477,,hybrid_weighted
Q-065,7,CH11_T05_09,DOC_CH11,0.21633011514466302,,hybrid_weighted
Q-065,8,CH11_T05_07,DOC_CH11,0.20619793491627827,,hybrid_weighted
Q-065,9,CH11_T05_05,DOC_CH11,0.15828363903098747,,hybrid_weighted
Q-065,10,CH11_T05_04,DOC_CH11,0.11967359708019126,,hybrid_weighted
Q-066,1,CH12_T06_02,DOC_CH12,0.7980159399247226,,hybrid_weighted
Q-066,2,CH11_T06_02,DOC_CH11,0.6996792295057552,,hybrid_weighted
Q-066,3,CH12_T06_08,DOC_CH12,0.6341545605791187,,hybrid_weighted
Q-066,4,CH11_T06_08,DOC_CH11,0.5547784362433374,,hybrid_weighted
Q-066,5,CH12_T06_10,DOC_CH12,0.29813967099504685,,hybrid_weighted
Q-066,6,CH03_T04_02,DOC_CH03,0.17983020901705224,,hybrid_weighted
Q-066,7,CH12_T06_03,DOC_CH12,0.140070162422636,,hybrid_weighted
Q-066,8,CH15_T01_02,DOC_CH15,0.13664054366558756,,hybrid_weighted
Q-066,9,CH12_T06_07,DOC_CH12,0.113850345515733,,hybrid_weighted
Q-066,10,CH11_T06_10,DOC_CH11,0.09641386142912685,,hybrid_weighted
Q-067,1,CH12_T06_08,DOC_CH12,0.5,,hybrid_weighted
Q-067,2,CH12_T01_02,DOC_CH12,0.5,,hybrid_weighted
Q-067,3,CH12_T01_08,DOC_CH12,0.4208451523669081,,hybrid_weighted
Q-067,4,CH12_T01_10,DOC_CH12,0.3537152605582115,,hybrid_weighted
Q-067,5,CH12_T06_02,DOC_CH12,0.3483898697520123,,hybrid_weighted
Q-067,6,CH15_T01_02,DOC_CH15,0.2351305838305829,,hybrid_weighted
Q-067,7,CH03_T04_02,DOC_CH03,0.16802534729774243,,hybrid_weighted
Q-067,8,CH11_T01_08,DOC_CH11,0.16678250800235422,,hybrid_weighted
Q-067,9,CH08_T01_08,DOC_CH08,0.13564183603000599,,hybrid_weighted
Q-067,10,CH12_T01_01,DOC_CH12,0.12164963995953264,,hybrid_weighted
Q-068,1,CH12_T02_08,DOC_CH12,0.6049176990770844,,hybrid_weighted
Q-068,2,CH08_T01_08,DOC_CH08,0.5,,hybrid_weighted
Q-068,3,CH12_T02_02,DOC_CH12,0.5,,hybrid_weighted
Q-068,4,CH07_T02_08,DOC_CH07,0.4965820537044019,,hybrid_weighted
Q-068,5,CH03_T04_02,DOC_CH03,0.4579559987803962,,hybrid_weighted
Q-068,6,CH12_T02_10,DOC_CH12,0.4324457475716419,,hybrid_weighted
Q-068,7,CH15_T01_02,DOC_CH15,0.4064845650999667,,hybrid_weighted
Q-068,8,CH12_T02_03,DOC_CH12,0.3173597067586047,,hybrid_weighted
Q-068,9,CH12_T02_04,DOC_CH12,0.2871881288106397,,hybrid_weighted
Q-068,10,CH12_T02_07,DOC_CH12,0.2567820257429882,,hybrid_weighted
Q-069,1,CH12_T03_02,DOC_CH12,0.6282186067062225,,hybrid_weighted
Q-069,2,CH12_T05_08,DOC_CH12,0.5,,hybrid_weighted
Q-069,3,CH12_T03_08,DOC_CH12,0.41120320998219745,,hybrid_weighted
Q-069,4,CH12_T05_02,DOC_CH12,0.39172099563214596,,hybrid_weighted
Q-069,5,CH12_T03_10,DOC_CH12,0.2666637290200695,,hybrid_weighted
Q-069,6,CH12_T03_01,DOC_CH12,0.2648177176026066,,hybrid_weighted
Q-069,7,CH12_T05_10,DOC_CH12,0.1458467126437347,,hybrid_weighted
Q-069,8,CH12_T03_09,DOC_CH12,0.09152708567204228,,hybrid_weighted
Q-069,9,CH12_T03_04,DOC_CH12,0.08155819620513101,,hybrid_weighted
Q-069,10,CH12_T05_07,DOC_CH12,0.07180793750949059,,hybrid_weighted
Q-070,1,CH12_T04_02,DOC_CH12,0.7089396994530328,,hybrid_weighted
Q-070,2,CH12_T04_08,DOC_CH12,0.5892878162699421,,hybrid_weighted
Q-070,3,CH15_T01_02,DOC_CH15,0.5,,hybrid_weighted
Q-070,4,CH03_T04_02,DOC_CH03,0.4689911442567516,,hybrid_weighted
Q-070,5,CH12_T04_10,DOC_CH12,0.3273650384544578,,hybrid_weighted
Q-070,6,CH15_T06_08,DOC_CH15,0.24568924930313954,,hybrid_weighted
Q-070,7,CH12_T04_03,DOC_CH12,0.21513888392771277,,hybrid_weighted
Q-070,8,CH08_T01_08,DOC_CH08,0.20683151669063052,,hybrid_weighted
Q-070,9,CH07_T02_08,DOC_CH07,0.20554240741322624,,hybrid_weighted
Q-070,10,CH12_T04_06,DOC_CH12,0.17565574536252154,,hybrid_weighted
Q-071,1,CH12_T05_02,DOC_CH12,0.9278674121616097,,hybrid_weighted
Q-071,2,CH12_T05_08,DOC_CH12,0.8538467005087873,,hybrid_weighted
Q-071,3,CH12_T05_10,DOC_CH12,0.5910275191279963,,hybrid_weighted
Q-071,4,CH12_T05_06,DOC_CH12,0.37651401730435186,,hybrid_weighted
Q-071,5,CH12_T05_03,DOC_CH12,0.35408695342465873,,hybrid_weighted
Q-071,6,CH12_T05_07,DOC_CH12,0.32987345582096433,,hybrid_weighted
Q-071,7,CH12_T05_09,DOC_CH12,0.28656533207522134,,hybrid_weighted
Q-071,8,CH12_T05_04,DOC_CH12,0.26797465696644013,,hybrid_weighted
Q-071,9,CH12_T05_01,DOC_CH12,0.25575317977654033,,hybrid_weighted
Q-071,10,CH12_T05_05,DOC_CH12,0.15194585172848094,,hybrid_weighted
Q-072,1,CH12_T06_02,DOC_CH12,0.9154512376793832,,hybrid_weighted
Q-072,2,CH12_T06_08,DOC_CH12,0.7302107308931118,,hybrid_weighted
Q-072,3,CH12_T06_10,DOC_CH12,0.5568336900268547,,hybrid_weighted
Q-072,4,CH12_T06_03,DOC_CH12,0.3543201693227015,,hybrid_weighted
Q-072,5,CH12_T06_07,DOC_CH12,0.27634113124579585,,hybrid_weighted
Q-072,6,CH12_T06_09,DOC_CH12,0.2017828126577777,,hybrid_weighted
Q-072,7,CH12_T06_05,DOC_CH12,0.11718150205145493,,hybrid_weighted
Q-072,8,CH12_T06_01,DOC_CH12,0.10256843438776707,,hybrid_weighted
Q-072,9,CH12_T06_04,DOC_CH12,0.10235221738113603,,hybrid_weighted
Q-072,10,CH12_T06_06,DOC_CH12,0.09730905333621072,,hybrid_weighted
Q-073,1,CH13_T01_02,DOC_CH13,1.0,,hybrid_weighted
Q-073,2,CH13_T01_08,DOC_CH13,0.900235192777143,,hybrid_weighted
Q-073,3,CH13_T01_10,DOC_CH13,0.3829449134930254,,hybrid_weighted
Q-073,4,CH13_T01_01,DOC_CH13,0.2616048389799269,,hybrid_weighted
Q-073,5,CH13_T01_03,DOC_CH13,0.2610440822136714,,hybrid_weighted
Q-073,6,CH13_T05_08,DOC_CH13,0.20376992369715877,,hybrid_weighted
Q-073,7,CH13_T05_02,DOC_CH13,0.173108033628105,,hybrid_weighted
Q-073,8,CH13_T01_07,DOC_CH13,0.15823376608455392,,hybrid_weighted
Q-073,9,CH13_T01_09,DOC_CH13,0.09676180793631803,,hybrid_weighted
Q-073,10,CH13_T01_04,DOC_CH13,0.08522921483864482,,hybrid_weighted
Q-074,1,CH13_T02_02,DOC_CH13,0.8194796824824842,,hybrid_weighted
Q-074,2,CH13_T02_08,DOC_CH13,0.7682696168713137,,hybrid_weighted
Q-074,3,CH15_T01_02,DOC_CH15,0.5,,hybrid_weighted
Q-074,4,CH03_T04_02,DOC_CH03,0.4689911442567516,,hybrid_weighted
Q-074,5,CH13_T02_10,DOC_CH13,0.3208998769843775,,hybrid_weighted
Q-074,6,CH15_T06_08,DOC_CH15,0.24568924930313954,,hybrid_weighted
Q-074,7,CH08_T01_08,DOC_CH08,0.20683151669063052,,hybrid_weighted
Q-074,8,CH07_T02_08,DOC_CH07,0.20554240741322624,,hybrid_weighted
Q-074,9,CH08_T01_02,DOC_CH08,0.13778368343959954,,hybrid_weighted
Q-074,10,CH13_T02_06,DOC_CH13,0.12575345144270075,,hybrid_weighted
Q-075,1,CH13_T03_02,DOC_CH13,0.9804871150214134,,hybrid_weighted
Q-075,2,CH13_T03_08,DOC_CH13,0.9375934212817361,,hybrid_weighted
Q-075,3,CH13_T03_10,DOC_CH13,0.6821328566270966,,hybrid_weighted
Q-075,4,CH13_T03_03,DOC_CH13,0.5415133010656178,,hybrid_weighted
Q-075,5,CH13_T03_07,DOC_CH13,0.5269140591134368,,hybrid_weighted
Q-075,6,CH13_T03_06,DOC_CH13,0.5147736535061578,,hybrid_weighted
Q-075,7,CH13_T03_05,DOC_CH13,0.506079973077285,,hybrid_weighted
Q-075,8,CH13_T03_04,DOC_CH13,0.4519342057812307,,hybrid_weighted
Q-075,9,CH13_T03_09,DOC_CH13,0.44242178779567787,,hybrid_weighted
Q-075,10,CH15_T01_02,DOC_CH15,0.0,,hybrid_weighted
Q-076,1,CH13_T04_02,DOC_CH13,0.880145739434231,,hybrid_weighted
Q-076,2,CH13_T04_08,DOC_CH13,0.8521395874311898,,hybrid_weighted
Q-076,3,CH13_T04_10,DOC_CH13,0.5130061358099375,,hybrid_weighted
Q-076,4,CH13_T04_01,DOC_CH13,0.19467687511158924,,hybrid_weighted
Q-076,5,CH13_T04_03,DOC_CH13,0.15459965161656217,,hybrid_weighted
Q-076,6,CH13_T04_06,DOC_CH13,0.12836070169070596,,hybrid_weighted
Q-076,7,CH13_T03_08,DOC_CH13,0.12729859513575087,,hybrid_weighted
Q-076,8,CH03_T04_02,DOC_CH03,0.11161242234392196,,hybrid_weighted
Q-076,9,CH15_T01_02,DOC_CH15,0.09339346795720875,,hybrid_weighted
Q-076,10,CH13_T03_02,DOC_CH13,0.0887960498872554,,hybrid_weighted
Q-077,1,CH13_T05_07,DOC_CH13,0.8550292255930907,,hybrid_weighted
Q-077,2,CH13_T05_08,DOC_CH13,0.8179711585876768,,hybrid_weighted
Q-077,3,CH13_T05_03,DOC_CH13,0.8095035407317636,,hybrid_weighted
Q-077,4,CH13_T05_04,DOC_CH13,0.7457871906987721,,hybrid_weighted
Q-077,5,CH13_T05_05,DOC_CH13,0.712505055491193,,hybrid_weighted
Q-077,6,CH13_T05_09,DOC_CH13,0.5856201499586629,,hybrid_weighted
Q-077,7,CH13_T05_06,DOC_CH13,0.4310120769820284,,hybrid_weighted
Q-077,8,CH13_T05_10,DOC_CH13,0.32335871470907274,,hybrid_weighted
Q-077,9,CH13_T05_02,DOC_CH13,0.2407726643108258,,hybrid_weighted
Q-077,10,CH13_T01_07,DOC_CH13,0.18855430783684063,,hybrid_weighted
Q-078,1,CH13_T06_07,DOC_CH13,0.8435235175761124,,hybrid_weighted
Q-078,2,CH13_T06_03,DOC_CH13,0.7954314570376724,,hybrid_weighted
Q-078,3,CH13_T06_05,DOC_CH13,0.6562626728468139,,hybrid_weighted
Q-078,4,CH13_T06_06,DOC_CH13,0.49219882011491195,,hybrid_weighted
Q-078,5,CH13_T06_08,DOC_CH13,0.4001570126560411,,hybrid_weighted
Q-078,6,CH13_T06_04,DOC_CH13,0.3802335827599964,,hybrid_weighted
Q-078,7,CH13_T03_07,DOC_CH13,0.3715847090343052,,hybrid_weighted
Q-078,8,CH13_T06_09,DOC_CH13,0.22190539728636155,,hybrid_weighted
Q-078,9,CH13_T03_06,DOC_CH13,0.19323292702474879,,hybrid_weighted
Q-078,10,CH13_T03_05,DOC_CH13,0.11942341969982692,,hybrid_weighted
Q-079,1,CH14_T02_07,DOC_CH14,0.7622921976135382,,hybrid_weighted
Q-079,2,CH14_T01_07,DOC_CH14,0.5500091491733636,,hybrid_weighted
Q-079,3,CH14_T02_06,DOC_CH14,0.4837934677133684,,hybrid_weighted
Q-079,4,CH14_T01_03,DOC_CH14,0.4502460572196334,,hybrid_weighted
Q-079,5,CH14_T01_05,DOC_CH14,0.44772550357756,,hybrid_weighted
Q-079,6,CH14_T02_08,DOC_CH14,0.2700673734638673,,hybrid_weighted
Q-079,7,CH14_T01_06,DOC_CH14,0.2675663045238849,,hybrid_weighted
Q-079,8,CH14_T01_04,DOC_CH14,0.2544932767463931,,hybrid_weighted
Q-079,9,CH04_T01_07,DOC_CH04,0.2544332953006537,,hybrid_weighted
Q-079,10,CH14_T02_05,DOC_CH14,0.2109352903180962,,hybrid_weighted
Q-080,1,CH14_T02_07,DOC_CH14,1.0,,hybrid_weighted
Q-080,2,CH14_T02_05,DOC_CH14,0.6995658335688997,,hybrid_weighted
Q-080,3,CH14_T02_08,DOC_CH14,0.6553786028467959,,hybrid_weighted
Q-080,4,CH14_T02_03,DOC_CH14,0.6242356527239781,,hybrid_weighted
Q-080,5,CH14_T02_06,DOC_CH14,0.5737198741096551,,hybrid_weighted
Q-080,6,CH14_T02_09,DOC_CH14,0.5420039154965504,,hybrid_weighted
Q-080,7,CH14_T02_04,DOC_CH14,0.3950595848480575,,hybrid_weighted
Q-080,8,CH14_T02_10,DOC_CH14,0.10278803220015877,,hybrid_weighted
Q-080,9,CH14_T06_08,DOC_CH14,0.020985705517677623,,hybrid_weighted
Q-080,10,CH14_T06_06,DOC_CH14,0.006798489766271287,,hybrid_weighted
Q-081,1,CH14_T03_07,DOC_CH14,0.8756083766024649,,hybrid_weighted
Q-081,2,CH14_T03_03,DOC_CH14,0.8153367747582452,,hybrid_weighted
Q-081,3,CH14_T03_08,DOC_CH14,0.7322682817244891,,hybrid_weighted
Q-081,4,CH14_T03_05,DOC_CH14,0.6679717067834077,,hybrid_weighted
Q-081,5,CH14_T03_09,DOC_CH14,0.6511015187312615,,hybrid_weighted
Q-081,6,CH14_T03_04,DOC_CH14,0.5961307774931315,,hybrid_weighted
Q-081,7,CH14_T03_06,DOC_CH14,0.5430550503904945,,hybrid_weighted
Q-081,8,CH14_T03_01,DOC_CH14,0.2599744188886846,,hybrid_weighted
Q-081,9,CH14_T03_10,DOC_CH14,0.23812712980199469,,hybrid_weighted
Q-081,10,CH14_T03_02,DOC_CH14,0.11337739740839531,,hybrid_weighted
Q-082,1,CH14_T04_08,DOC_CH14,0.8891991917523063,,hybrid_weighted
Q-082,2,CH14_T04_05,DOC_CH14,0.6861122457384032,,hybrid_weighted
Q-082,3,CH14_T04_07,DOC_CH14,0.6319172009690426,,hybrid_weighted
Q-082,4,CH14_T04_03,DOC_CH14,0.5997926062014426,,hybrid_weighted
Q-082,5,CH14_T04_06,DOC_CH14,0.5049484925547912,,hybrid_weighted
Q-082,6,CH14_T04_04,DOC_CH14,0.5,,hybrid_weighted
Q-082,7,CH14_T04_09,DOC_CH14,0.42666251271884986,,hybrid_weighted
Q-082,8,CH14_T04_01,DOC_CH14,0.22188616943631528,,hybrid_weighted
Q-082,9,CH16_T03_08,DOC_CH16,0.21905843445894232,,hybrid_weighted
Q-082,10,CH14_T04_10,DOC_CH14,0.12466411018828603,,hybrid_weighted
Q-083,1,CH14_T05_07,DOC_CH14,1.0,,hybrid_weighted
Q-083,2,CH14_T05_03,DOC_CH14,0.6521373421512677,,hybrid_weighted
Q-083,3,CH14_T05_09,DOC_CH14,0.5365454814250957,,hybrid_weighted
Q-083,4,CH14_T05_06,DOC_CH14,0.48918988842675354,,hybrid_weighted
Q-083,5,CH14_T05_04,DOC_CH14,0.4374000774902123,,hybrid_weighted
Q-083,6,CH14_T05_08,DOC_CH14,0.34108241668133854,,hybrid_weighted
Q-083,7,CH14_T05_05,DOC_CH14,0.33806480380558085,,hybrid_weighted
Q-083,8,CH16_T05_04,DOC_CH16,0.1537663180539606,,hybrid_weighted
Q-083,9,CH16_T03_07,DOC_CH16,0.15318195023898135,,hybrid_weighted
Q-083,10,CH16_T05_09,DOC_CH16,0.10397116357008877,,hybrid_weighted
Q-084,1,CH14_T06_05,DOC_CH14,0.9234131879991617,,hybrid_weighted
Q-084,2,CH14_T06_08,DOC_CH14,0.7887351901308856,,hybrid_weighted
Q-084,3,CH14_T06_07,DOC_CH14,0.7673904081473343,,hybrid_weighted
Q-084,4,CH14_T06_03,DOC_CH14,0.6803256876527888,,hybrid_weighted
Q-084,5,CH14_T06_06,DOC_CH14,0.6049450506923381,,hybrid_weighted
Q-084,6,CH14_T06_09,DOC_CH14,0.4969826119569223,,hybrid_weighted
Q-084,7,CH14_T06_04,DOC_CH14,0.49351209914088795,,hybrid_weighted
Q-084,8,CH14_T06_02,DOC_CH14,0.4102805703304663,,hybrid_weighted
Q-084,9,CH14_T06_10,DOC_CH14,0.21882642370248218,,hybrid_weighted
Q-084,10,CH16_T03_02,DOC_CH16,0.0,,hybrid_weighted
Q-085,1,CH15_T01_07,DOC_CH15,0.5027350968465407,,hybrid_weighted
Q-085,2,CH15_T03_07,DOC_CH15,0.5,,hybrid_weighted
Q-085,3,CH15_T01_04,DOC_CH15,0.4796943523916576,,hybrid_weighted
Q-085,4,CH15_T03_06,DOC_CH15,0.44853159215695887,,hybrid_weighted
Q-085,5,CH15_T01_09,DOC_CH15,0.42634704681809826,,hybrid_weighted
Q-085,6,CH15_T03_08,DOC_CH15,0.41317333748308976,,hybrid_weighted
Q-085,7,CH15_T03_03,DOC_CH15,0.35331876737725987,,hybrid_weighted
Q-085,8,CH15_T03_05,DOC_CH15,0.3318857873967435,,hybrid_weighted
Q-085,9,CH15_T01_05,DOC_CH15,0.3210069497889604,,hybrid_weighted
Q-085,10,CH15_T01_03,DOC_CH15,0.2941974711853746,,hybrid_weighted
Q-086,1,CH15_T02_07,DOC_CH15,0.9547781652737829,,hybrid_weighted
Q-086,2,CH15_T02_08,DOC_CH15,0.7233917637630469,,hybrid_weighted
Q-086,3,CH15_T02_03,DOC_CH15,0.6882253480933256,,hybrid_weighted
Q-086,4,CH15_T02_05,DOC_CH15,0.685470143770557,,hybrid_weighted
Q-086,5,CH15_T02_09,DOC_CH15,0.5903622508933024,,hybrid_weighted
Q-086,6,CH15_T02_06,DOC_CH15,0.5874615125747034,,hybrid_weighted
Q-086,7,CH15_T02_04,DOC_CH15,0.567986224124407,,hybrid_weighted
Q-086,8,CH15_T02_10,DOC_CH15,0.22185331955809287,,hybrid_weighted
Q-086,9,CH15_T02_01,DOC_CH15,0.1846209626176837,,hybrid_weighted
Q-086,10,CH11_T05_07,DOC_CH11,0.03634273247838996,,hybrid_weighted
Q-087,1,CH15_T03_05,DOC_CH15,0.9262529450328345,,hybrid_weighted
Q-087,2,CH15_T03_08,DOC_CH15,0.8537565411742813,,hybrid_weighted
Q-087,3,CH15_T03_07,DOC_CH15,0.8431591727503004,,hybrid_weighted
Q-087,4,CH15_T03_03,DOC_CH15,0.6203935352323443,,hybrid_weighted
Q-087,5,CH15_T03_09,DOC_CH15,0.5690774168199062,,hybrid_weighted
Q-087,6,CH15_T03_04,DOC_CH15,0.5399985833544028,,hybrid_weighted
Q-087,7,CH15_T03_06,DOC_CH15,0.5,,hybrid_weighted
Q-087,8,CH15_T03_10,DOC_CH15,0.4282996820838393,,hybrid_weighted
Q-087,9,CH15_T03_02,DOC_CH15,0.3201719472485899,,hybrid_weighted
Q-087,10,CH15_T03_01,DOC_CH15,0.007396017461135488,,hybrid_weighted
Q-088,1,CH15_T04_07,DOC_CH15,1.0,,hybrid_weighted
Q-088,2,CH15_T04_03,DOC_CH15,0.9258993927046597,,hybrid_weighted
Q-088,3,CH15_T04_04,DOC_CH15,0.7465752589946368,,hybrid_weighted
Q-088,4,CH15_T04_09,DOC_CH15,0.7235174144301855,,hybrid_weighted
Q-088,5,CH15_T04_08,DOC_CH15,0.718893367608705,,hybrid_weighted
Q-088,6,CH15_T04_05,DOC_CH15,0.6818970276977847,,hybrid_weighted
Q-088,7,CH15_T04_06,DOC_CH15,0.5475105190478256,,hybrid_weighted
Q-088,8,CH15_T04_10,DOC_CH15,0.37861329703091984,,hybrid_weighted
Q-088,9,CH15_T04_02,DOC_CH15,0.28760463933200264,,hybrid_weighted
Q-088,10,CH15_T04_01,DOC_CH15,0.08126411850492553,,hybrid_weighted
Q-089,1,CH15_T05_07,DOC_CH15,0.9425513678264026,,hybrid_weighted
Q-089,2,CH15_T05_04,DOC_CH15,0.7192388069664837,,hybrid_weighted
Q-089,3,CH15_T05_03,DOC_CH15,0.7060293054580333,,hybrid_weighted
Q-089,4,CH15_T05_05,DOC_CH15,0.6967348537309613,,hybrid_weighted
Q-089,5,CH15_T05_08,DOC_CH15,0.6961299927598461,,hybrid_weighted
Q-089,6,CH15_T05_09,DOC_CH15,0.6823535680548061,,hybrid_weighted
Q-089,7,CH15_T05_06,DOC_CH15,0.639526232259461,,hybrid_weighted
Q-089,8,CH15_T05_10,DOC_CH15,0.45334936007926085,,hybrid_weighted
Q-089,9,CH15_T05_02,DOC_CH15,0.22667640326619948,,hybrid_weighted
Q-089,10,CH16_T03_08,DOC_CH16,0.0,,hybrid_weighted
Q-090,1,CH15_T06_08,DOC_CH15,0.8343462532183687,,hybrid_weighted
Q-090,2,CH15_T06_07,DOC_CH15,0.8341564871008267,,hybrid_weighted
Q-090,3,CH15_T06_05,DOC_CH15,0.7889068981027936,,hybrid_weighted
Q-090,4,CH15_T06_03,DOC_CH15,0.7676280062259042,,hybrid_weighted
Q-090,5,CH15_T06_06,DOC_CH15,0.6638089016154342,,hybrid_weighted
Q-090,6,CH15_T06_09,DOC_CH15,0.5818865906511003,,hybrid_weighted
Q-090,7,CH15_T06_04,DOC_CH15,0.5038003058435618,,hybrid_weighted
Q-090,8,CH15_T06_10,DOC_CH15,0.2707715921733503,,hybrid_weighted
Q-090,9,CH15_T06_01,DOC_CH15,0.2456729599842645,,hybrid_weighted
Q-090,10,CH15_T06_02,DOC_CH15,0.16897586622241204,,hybrid_weighted
Q-091,1,CH16_T01_07,DOC_CH16,0.9454017560793456,,hybrid_weighted
Q-091,2,CH16_T01_06,DOC_CH16,0.8152992810370591,,hybrid_weighted
Q-091,3,CH16_T01_08,DOC_CH16,0.8068374494882493,,hybrid_weighted
Q-091,4,CH16_T01_03,DOC_CH16,0.7788260122715294,,hybrid_weighted
Q-091,5,CH16_T01_05,DOC_CH16,0.6382968608098096,,hybrid_weighted
Q-091,6,CH16_T01_09,DOC_CH16,0.5443900307731506,,hybrid_weighted
Q-091,7,CH16_T01_04,DOC_CH16,0.5076371747912919,,hybrid_weighted
Q-091,8,CH16_T01_10,DOC_CH16,0.3876253686738693,,hybrid_weighted
Q-091,9,CH16_T01_01,DOC_CH16,0.2722612518873755,,hybrid_weighted
Q-091,10,CH16_T03_07,DOC_CH16,0.11183479644551174,,hybrid_weighted
Q-092,1,CH16_T02_07,DOC_CH16,0.8386970483917283,,hybrid_weighted
Q-092,2,CH16_T02_08,DOC_CH16,0.7532102260668023,,hybrid_weighted
Q-092,3,CH16_T02_06,DOC_CH16,0.7491516558409317,,hybrid_weighted
Q-092,4,CH16_T02_03,DOC_CH16,0.6152731672422728,,hybrid_weighted
Q-092,5,CH16_T03_08,DOC_CH16,0.5,,hybrid_weighted
Q-092,6,CH16_T02_04,DOC_CH16,0.5,,hybrid_weighted
Q-092,7,CH16_T02_09,DOC_CH16,0.426543967034395,,hybrid_weighted
Q-092,8,CH16_T02_10,DOC_CH16,0.38890520510738535,,hybrid_weighted
Q-092,9,CH16_T02_05,DOC_CH16,0.3797559378661172,,hybrid_weighted
Q-092,10,CH11_T05_08,DOC_CH11,0.24103117335076285,,hybrid_weighted
Q-093,1,CH16_T03_07,DOC_CH16,0.9648538233650673,,hybrid_weighted
Q-093,2,CH16_T03_03,DOC_CH16,0.9261799345231724,,hybrid_weighted
Q-093,3,CH16_T03_08,DOC_CH16,0.8943076884230636,,hybrid_weighted
Q-093,4,CH16_T03_09,DOC_CH16,0.7747985906697563,,hybrid_weighted
Q-093,5,CH16_T03_05,DOC_CH16,0.7500078796250075,,hybrid_weighted
Q-093,6,CH16_T03_04,DOC_CH16,0.72034553079899,,hybrid_weighted
Q-093,7,CH16_T03_06,DOC_CH16,0.5330798523016252,,hybrid_weighted
Q-093,8,CH16_T03_10,DOC_CH16,0.4612819050851057,,hybrid_weighted
Q-093,9,CH16_T03_02,DOC_CH16,0.32229594753458246,,hybrid_weighted
Q-093,10,CH16_T03_01,DOC_CH16,0.0,,hybrid_weighted
Q-094,1,CH16_T04_03,DOC_CH16,0.9294236822723684,,hybrid_weighted
Q-094,2,CH16_T04_07,DOC_CH16,0.8987657782666124,,hybrid_weighted
Q-094,3,CH16_T04_05,DOC_CH16,0.8309513327219689,,hybrid_weighted
Q-094,4,CH16_T04_04,DOC_CH16,0.7688600719743838,,hybrid_weighted
Q-094,5,CH16_T04_08,DOC_CH16,0.7574290774838789,,hybrid_weighted
Q-094,6,CH16_T04_09,DOC_CH16,0.6619952041867455,,hybrid_weighted
Q-094,7,CH16_T04_06,DOC_CH16,0.6049747424305507,,hybrid_weighted
Q-094,8,CH16_T04_10,DOC_CH16,0.571241150861947,,hybrid_weighted
Q-094,9,CH16_T04_01,DOC_CH16,0.296728910110007,,hybrid_weighted
Q-094,10,CH16_T04_02,DOC_CH16,0.28973899813066495,,hybrid_weighted
Q-095,1,CH14_T05_07,DOC_CH14,0.9101082156227176,,hybrid_weighted
Q-095,2,CH14_T05_06,DOC_CH14,0.5,,hybrid_weighted
Q-095,3,CH14_T05_03,DOC_CH14,0.41639583925026125,,hybrid_weighted
Q-095,4,CH14_T05_05,DOC_CH14,0.36800559643369685,,hybrid_weighted
Q-095,5,CH14_T05_08,DOC_CH14,0.3249603364704567,,hybrid_weighted
Q-095,6,CH14_T05_09,DOC_CH14,0.26852391543578114,,hybrid_weighted
Q-095,7,CH16_T05_07,DOC_CH16,0.16632172033924097,,hybrid_weighted
Q-095,8,CH16_T05_03,DOC_CH16,0.14044895540345292,,hybrid_weighted
Q-095,9,CH16_T05_04,DOC_CH16,0.1385950180917784,,hybrid_weighted
Q-095,10,CH16_T05_09,DOC_CH16,0.1248851919554697,,hybrid_weighted
Q-096,1,CH16_T06_07,DOC_CH16,0.9336802257339892,,hybrid_weighted
Q-096,2,CH16_T06_03,DOC_CH16,0.7441345646468169,,hybrid_weighted
Q-096,3,CH16_T06_08,DOC_CH16,0.7144513561513189,,hybrid_weighted
Q-096,4,CH16_T06_06,DOC_CH16,0.6968448165334242,,hybrid_weighted
Q-096,5,CH16_T06_05,DOC_CH16,0.6369249440472426,,hybrid_weighted
Q-096,6,CH16_T06_09,DOC_CH16,0.5643746264890497,,hybrid_weighted
Q-096,7,CH16_T06_04,DOC_CH16,0.3798624965329963,,hybrid_weighted
Q-096,8,CH16_T06_10,DOC_CH16,0.2543080624740691,,hybrid_weighted
Q-096,9,CH15_T06_06,DOC_CH15,0.2428153600042492,,hybrid_weighted
Q-096,10,CH16_T06_02,DOC_CH16,0.11259889157270501,,hybrid_weighted
Q-097,1,CH01_T01_08,DOC_CH01,0.9808793497032364,,hybrid_weighted
Q-097,2,CH01_T01_07,DOC_CH01,0.9290554731206601,,hybrid_weighted
Q-097,3,CH01_T01_03,DOC_CH01,0.8862818429065769,,hybrid_weighted
Q-097,4,CH01_T01_05,DOC_CH01,0.6983980237244448,,hybrid_weighted
Q-097,5,CH01_T01_06,DOC_CH01,0.6851369440685969,,hybrid_weighted
Q-097,6,CH01_T01_09,DOC_CH01,0.5338007161975293,,hybrid_weighted
Q-097,7,CH01_T01_04,DOC_CH01,0.5189249789973356,,hybrid_weighted
Q-097,8,CH01_T01_10,DOC_CH01,0.5118497373498861,,hybrid_weighted
Q-097,9,CH01_T01_01,DOC_CH01,0.3308332454885063,,hybrid_weighted
Q-097,10,CH01_T01_02,DOC_CH01,0.17598919388021222,,hybrid_weighted
Q-098,1,CH16_T03_08,DOC_CH16,0.5,,hybrid_weighted
Q-098,2,CH01_T02_04,DOC_CH01,0.5,,hybrid_weighted
Q-098,3,CH01_T02_09,DOC_CH01,0.46843542701399915,,hybrid_weighted
Q-098,4,CH01_T02_07,DOC_CH01,0.45879481028482616,,hybrid_weighted
Q-098,5,CH01_T02_03,DOC_CH01,0.43266322037143407,,hybrid_weighted
Q-098,6,CH01_T02_05,DOC_CH01,0.4280878692660292,,hybrid_weighted
Q-098,7,CH01_T02_08,DOC_CH01,0.30523870662567154,,hybrid_weighted
Q-098,8,CH11_T05_06,DOC_CH11,0.28309616269526383,,hybrid_weighted
Q-098,9,CH01_T02_01,DOC_CH01,0.26031467153202464,,hybrid_weighted
Q-098,10,CH01_T02_10,DOC_CH01,0.25557488934689326,,hybrid_weighted
Q-099,1,CH01_T03_07,DOC_CH01,0.7667588121715854,,hybrid_weighted
Q-099,2,CH01_T03_08,DOC_CH01,0.5183117270813925,,hybrid_weighted
Q-099,3,CH01_T03_03,DOC_CH01,0.5097513928717579,,hybrid_weighted
Q-099,4,CH16_T03_08,DOC_CH16,0.5,,hybrid_weighted
Q-099,5,CH01_T03_04,DOC_CH01,0.45627427368439033,,hybrid_weighted
Q-099,6,CH01_T03_05,DOC_CH01,0.41275031653204713,,hybrid_weighted
Q-099,7,CH01_T03_06,DOC_CH01,0.3828278950869687,,hybrid_weighted
Q-099,8,CH01_T03_09,DOC_CH01,0.3288469052453577,,hybrid_weighted
Q-099,9,CH16_T03_05,DOC_CH16,0.2962983764817985,,hybrid_weighted
Q-099,10,CH01_T03_10,DOC_CH01,0.23242846802759434,,hybrid_weighted
Q-100,1,CH01_T04_07,DOC_CH01,1.0,,hybrid_weighted
Q-100,2,CH01_T04_03,DOC_CH01,0.893861467405461,,hybrid_weighted
Q-100,3,CH01_T04_05,DOC_CH01,0.8278187338048717,,hybrid_weighted
Q-100,4,CH01_T04_09,DOC_CH01,0.7542985333720239,,hybrid_weighted
Q-100,5,CH01_T04_04,DOC_CH01,0.718591337421659,,hybrid_weighted
Q-100,6,CH01_T04_08,DOC_CH01,0.6150195555242397,,hybrid_weighted
Q-100,7,CH01_T04_06,DOC_CH01,0.6148747932509963,,hybrid_weighted
Q-100,8,CH01_T04_10,DOC_CH01,0.4637198225335918,,hybrid_weighted
Q-100,9,CH01_T04_02,DOC_CH01,0.22256643857099687,,hybrid_weighted
Q-100,10,CH01_T04_01,DOC_CH01,0.1502030993970141,,hybrid_weighted
Q-101,1,CH01_T05_07,DOC_CH01,1.0,,hybrid_weighted
Q-101,2,CH01_T05_03,DOC_CH01,0.5913589648337961,,hybrid_weighted
Q-101,3,CH01_T05_08,DOC_CH01,0.5699434785732773,,hybrid_weighted
Q-101,4,CH01_T05_06,DOC_CH01,0.517114591046273,,hybrid_weighted
Q-101,5,CH01_T05_04,DOC_CH01,0.39223892666478755,,hybrid_weighted
Q-101,6,CH01_T05_09,DOC_CH01,0.3528494390636767,,hybrid_weighted
Q-101,7,CH01_T05_05,DOC_CH01,0.2842747699212451,,hybrid_weighted
Q-101,8,CH11_T05_06,DOC_CH11,0.15801477434783376,,hybrid_weighted
Q-101,9,CH09_T05_06,DOC_CH09,0.1301263054055646,,hybrid_weighted
Q-101,10,CH01_T05_10,DOC_CH01,0.09409049113594783,,hybrid_weighted
Q-102,1,CH01_T06_07,DOC_CH01,0.8660092583889727,,hybrid_weighted
Q-102,2,CH01_T06_08,DOC_CH01,0.7804493105018778,,hybrid_weighted
Q-102,3,CH01_T06_05,DOC_CH01,0.6535126203876453,,hybrid_weighted
Q-102,4,CH01_T06_06,DOC_CH01,0.6009370365446314,,hybrid_weighted
Q-102,5,CH01_T06_03,DOC_CH01,0.5884639221332374,,hybrid_weighted
Q-102,6,CH01_T06_09,DOC_CH01,0.5245502242879809,,hybrid_weighted
Q-102,7,CH01_T06_04,DOC_CH01,0.49481679659688105,,hybrid_weighted
Q-102,8,CH14_T05_06,DOC_CH14,0.16424377185599925,,hybrid_weighted
Q-102,9,CH01_T06_10,DOC_CH01,0.12459690011161577,,hybrid_weighted
Q-102,10,CH14_T05_08,DOC_CH14,0.11846064275085748,,hybrid_weighted
Q-103,1,CH11_T05_06,DOC_CH11,0.5,,hybrid_weighted
Q-103,2,CH02_T01_04,DOC_CH02,0.5,,hybrid_weighted
Q-103,3,CH02_T01_03,DOC_CH02,0.42458668526253485,,hybrid_weighted
Q-103,4,CH02_T01_09,DOC_CH02,0.41937756561873196,,hybrid_weighted
Q-103,5,CH16_T03_07,DOC_CH16,0.41541160234720903,,hybrid_weighted
Q-103,6,CH02_T01_05,DOC_CH02,0.37079765730403047,,hybrid_weighted
Q-103,7,CH09_T05_06,DOC_CH09,0.30801619395863034,,hybrid_weighted
Q-103,8,CH02_T01_07,DOC_CH02,0.30770530341699076,,hybrid_weighted
Q-103,9,CH16_T03_08,DOC_CH16,0.2883521221335395,,hybrid_weighted
Q-103,10,CH02_T01_08,DOC_CH02,0.27989357699671935,,hybrid_weighted
Q-104,1,CH02_T02_07,DOC_CH02,0.770860842950805,,hybrid_weighted
Q-104,2,CH15_T03_06,DOC_CH15,0.5,,hybrid_weighted
Q-104,3,CH02_T02_04,DOC_CH02,0.4981203028726872,,hybrid_weighted
Q-104,4,CH02_T02_03,DOC_CH02,0.4536173082030351,,hybrid_weighted
Q-104,5,CH02_T02_09,DOC_CH02,0.43899389944635814,,hybrid_weighted
Q-104,6,CH02_T02_08,DOC_CH02,0.42843159282970944,,hybrid_weighted
Q-104,7,CH02_T02_10,DOC_CH02,0.24798237191601613,,hybrid_weighted
Q-104,8,CH02_T02_05,DOC_CH02,0.23104338262731813,,hybrid_weighted
Q-104,9,CH16_T03_07,DOC_CH16,0.16856964126564344,,hybrid_weighted
Q-104,10,CH15_T03_07,DOC_CH15,0.11659280210224372,,hybrid_weighted
Q-105,1,CH02_T03_07,DOC_CH02,0.9775749656480286,,hybrid_weighted
Q-105,2,CH02_T03_03,DOC_CH02,0.9233336498960512,,hybrid_weighted
Q-105,3,CH02_T03_05,DOC_CH02,0.708508353170783,,hybrid_weighted
Q-105,4,CH02_T03_08,DOC_CH02,0.696283634953835,,hybrid_weighted
Q-105,5,CH02_T03_09,DOC_CH02,0.6424772597103725,,hybrid_weighted
Q-105,6,CH02_T03_04,DOC_CH02,0.6176136622606698,,hybrid_weighted
Q-105,7,CH02_T03_06,DOC_CH02,0.48387447663338756,,hybrid_weighted
Q-105,8,CH02_T03_10,DOC_CH02,0.2765012338633254,,hybrid_weighted
Q-105,9,CH02_T03_01,DOC_CH02,0.2240797420674537,,hybrid_weighted
Q-105,10,CH02_T03_02,DOC_CH02,0.06144679353749514,,hybrid_weighted
Q-106,1,CH02_T04_07,DOC_CH02,1.0,,hybrid_weighted
Q-106,2,CH02_T04_03,DOC_CH02,0.8420746698777959,,hybrid_weighted
Q-106,3,CH02_T04_04,DOC_CH02,0.7164177558890893,,hybrid_weighted
Q-106,4,CH02_T04_09,DOC_CH02,0.6491042857781092,,hybrid_weighted
Q-106,5,CH02_T04_05,DOC_CH02,0.6258813010708937,,hybrid_weighted
Q-106,6,CH02_T04_08,DOC_CH02,0.5839456857826695,,hybrid_weighted
Q-106,7,CH02_T04_06,DOC_CH02,0.4682015903392584,,hybrid_weighted
Q-106,8,CH02_T04_02,DOC_CH02,0.2266706359521715,,hybrid_weighted
Q-106,9,CH02_T04_10,DOC_CH02,0.21363720793449614,,hybrid_weighted
Q-106,10,CH02_T03_07,DOC_CH02,0.09749308120564702,,hybrid_weighted
Q-107,1,CH02_T05_07,DOC_CH02,0.909964072343847,,hybrid_weighted
Q-107,2,CH02_T05_03,DOC_CH02,0.8988103549740204,,hybrid_weighted
Q-107,3,CH02_T05_09,DOC_CH02,0.7191219554030266,,hybrid_weighted
Q-107,4,CH02_T05_05,DOC_CH02,0.6420532273628432,,hybrid_weighted
Q-107,5,CH02_T05_08,DOC_CH02,0.5962357028257882,,hybrid_weighted
Q-107,6,CH02_T05_04,DOC_CH02,0.5482894202465065,,hybrid_weighted
Q-107,7,CH02_T05_06,DOC_CH02,0.48986933372001973,,hybrid_weighted
Q-107,8,CH02_T05_10,DOC_CH02,0.2428099780947312,,hybrid_weighted
Q-107,9,CH02_T03_07,DOC_CH02,0.1237885866080425,,hybrid_weighted
Q-107,10,CH02_T05_02,DOC_CH02,0.12127127859560813,,hybrid_weighted
Q-108,1,CH02_T06_07,DOC_CH02,0.9773129747894662,,hybrid_weighted
Q-108,2,CH02_T06_03,DOC_CH02,0.8226360019198868,,hybrid_weighted
Q-108,3,CH02_T06_04,DOC_CH02,0.7177410448868318,,hybrid_weighted
Q-108,4,CH02_T06_09,DOC_CH02,0.7048548045967991,,hybrid_weighted
Q-108,5,CH02_T06_05,DOC_CH02,0.6641775528599012,,hybrid_weighted
Q-108,6,CH02_T06_08,DOC_CH02,0.6481846981737747,,hybrid_weighted
Q-108,7,CH02_T06_06,DOC_CH02,0.5021072594160713,,hybrid_weighted
Q-108,8,CH02_T06_10,DOC_CH02,0.3637482051371227,,hybrid_weighted
Q-108,9,CH02_T06_02,DOC_CH02,0.30553738203625397,,hybrid_weighted
Q-108,10,CH02_T06_01,DOC_CH02,0.1256752227220605,,hybrid_weighted
Q-109,1,CH11_T05_06,DOC_CH11,0.5,,hybrid_weighted
Q-109,2,CH03_T01_04,DOC_CH03,0.5,,hybrid_weighted
Q-109,3,CH03_T01_09,DOC_CH03,0.4136996181910834,,hybrid_weighted
Q-109,4,CH03_T01_03,DOC_CH03,0.3955044973576728,,hybrid_weighted
Q-109,5,CH03_T01_05,DOC_CH03,0.3918151691296743,,hybrid_weighted
Q-109,6,CH03_T01_07,DOC_CH03,0.37491693282716465,,hybrid_weighted
Q-109,7,CH11_T05_08,DOC_CH11,0.3562136029786116,,hybrid_weighted
Q-109,8,CH03_T01_08,DOC_CH03,0.311819708498331,,hybrid_weighted
Q-109,9,CH11_T05_07,DOC_CH11,0.30954229040326775,,hybrid_weighted
Q-109,10,CH11_T05_05,DOC_CH11,0.2235506152170098,,hybrid_weighted
Q-110,1,CH03_T06_07,DOC_CH03,0.5637741338978304,,hybrid_weighted
Q-110,2,CH03_T02_04,DOC_CH03,0.5,,hybrid_weighted
Q-110,3,CH03_T02_07,DOC_CH03,0.49809935258553945,,hybrid_weighted
Q-110,4,CH03_T02_08,DOC_CH03,0.4346766472069672,,hybrid_weighted
Q-110,5,CH03_T02_09,DOC_CH03,0.41201114442449305,,hybrid_weighted
Q-110,6,CH03_T02_05,DOC_CH03,0.4027514084971089,,hybrid_weighted
Q-110,7,CH03_T02_03,DOC_CH03,0.31391879314037197,,hybrid_weighted
Q-110,8,CH03_T02_06,DOC_CH03,0.29545854100153546,,hybrid_weighted
Q-110,9,CH03_T06_06,DOC_CH03,0.27396377562822494,,hybrid_weighted
Q-110,10,CH03_T06_03,DOC_CH03,0.25593322296297344,,hybrid_weighted
Q-111,1,CH03_T03_07,DOC_CH03,0.9065879167521491,,hybrid_weighted
Q-111,2,CH03_T03_08,DOC_CH03,0.853917595217718,,hybrid_weighted
Q-111,3,CH03_T03_05,DOC_CH03,0.8218374405045453,,hybrid_weighted
Q-111,4,CH03_T03_03,DOC_CH03,0.8161859848916344,,hybrid_weighted
Q-111,5,CH03_T03_04,DOC_CH03,0.6341396136574958,,hybrid_weighted
Q-111,6,CH03_T03_09,DOC_CH03,0.6329182714656345,,hybrid_weighted
Q-111,7,CH03_T03_06,DOC_CH03,0.602563629569717,,hybrid_weighted
Q-111,8,CH03_T03_10,DOC_CH03,0.2798249585207795,,hybrid_weighted
Q-111,9,CH03_T03_01,DOC_CH03,0.24275348951607945,,hybrid_weighted
Q-111,10,CH03_T03_02,DOC_CH03,0.17403215832920013,,hybrid_weighted
Q-112,1,CH03_T04_07,DOC_CH03,0.8992183842444588,,hybrid_weighted
Q-112,2,CH03_T04_08,DOC_CH03,0.830556337457002,,hybrid_weighted
Q-112,3,CH03_T04_05,DOC_CH03,0.8170140930042015,,hybrid_weighted
Q-112,4,CH03_T04_09,DOC_CH03,0.6653930928380027,,hybrid_weighted
Q-112,5,CH03_T04_04,DOC_CH03,0.6381852330815362,,hybrid_weighted
Q-112,6,CH03_T04_03,DOC_CH03,0.6250262534694866,,hybrid_weighted
Q-112,7,CH03_T04_06,DOC_CH03,0.5366567335430281,,hybrid_weighted
Q-112,8,CH03_T04_10,DOC_CH03,0.247374458950642,,hybrid_weighted
Q-112,9,CH03_T04_02,DOC_CH03,0.1078353161930125,,hybrid_weighted
Q-112,10,CH03_T04_01,DOC_CH03,0.062091668535278595,,hybrid_weighted
Q-113,1,CH03_T05_07,DOC_CH03,0.8673826524087881,,hybrid_weighted
Q-113,2,CH03_T05_08,DOC_CH03,0.7276943504756728,,hybrid_weighted
Q-113,3,CH03_T05_03,DOC_CH03,0.6022561088714711,,hybrid_weighted
Q-113,4,CH03_T05_06,DOC_CH03,0.595816922179786,,hybrid_weighted
Q-113,5,CH03_T05_05,DOC_CH03,0.5611435386922744,,hybrid_weighted
Q-113,6,CH03_T05_09,DOC_CH03,0.4868117017910133,,hybrid_weighted
Q-113,7,CH03_T05_10,DOC_CH03,0.47855421303087053,,hybrid_weighted
Q-113,8,CH03_T05_04,DOC_CH03,0.4728740797646745,,hybrid_weighted
Q-113,9,CH03_T05_01,DOC_CH03,0.3527434406800238,,hybrid_weighted
Q-113,10,CH11_T05_06,DOC_CH11,0.21358101326160875,,hybrid_weighted
Q-114,1,CH03_T06_06,DOC_CH03,1.0,,hybrid_weighted
Q-114,2,CH02_T05_06,DOC_CH02,0.4004889949247667,,hybrid_weighted
Q-114,3,CH03_T06_05,DOC_CH03,0.36800344069235347,,hybrid_weighted
Q-114,4,CH03_T06_10,DOC_CH03,0.21361285816633968,,hybrid_weighted
Q-114,5,CH03_T02_06,DOC_CH03,0.2001417006949474,,hybrid_weighted
Q-114,6,CH03_T06_08,DOC_CH03,0.1621833756409956,,hybrid_weighted
Q-114,7,CH02_T05_05,DOC_CH02,0.15194279433528224,,hybrid_weighted
Q-114,8,CH03_T06_04,DOC_CH03,0.1252387044759297,,hybrid_weighted
Q-114,9,CH03_T03_06,DOC_CH03,0.11180420638340297,,hybrid_weighted
Q-114,10,CH03_T06_01,DOC_CH03,0.10994257087659434,,hybrid_weighted
Q-115,1,CH04_T02_06,DOC_CH04,0.7098842347304203,,hybrid_weighted
Q-115,2,CH14_T02_06,DOC_CH14,0.5,,hybrid_weighted
Q-115,3,CH04_T01_06,DOC_CH04,0.5,,hybrid_weighted
Q-115,4,CH10_T03_06,DOC_CH10,0.4753870196083607,,hybrid_weighted
Q-115,5,CH16_T05_06,DOC_CH16,0.4715014676569982,,hybrid_weighted
Q-115,6,CH05_T02_06,DOC_CH05,0.4550513356658292,,hybrid_weighted
Q-115,7,CH07_T05_06,DOC_CH07,0.3814456975850845,,hybrid_weighted
Q-115,8,CH04_T05_06,DOC_CH04,0.23590571048553685,,hybrid_weighted
Q-115,9,CH04_T03_06,DOC_CH04,0.2248592443670968,,hybrid_weighted
Q-115,10,CH04_T04_06,DOC_CH04,0.17097772832375074,,hybrid_weighted
Q-116,1,CH04_T02_06,DOC_CH04,1.0,,hybrid_weighted
Q-116,2,CH05_T01_06,DOC_CH05,0.5286985553171731,,hybrid_weighted
Q-116,3,CH04_T03_06,DOC_CH04,0.3821647633119324,,hybrid_weighted
Q-116,4,CH04_T02_05,DOC_CH04,0.37436326397810815,,hybrid_weighted
Q-116,5,CH04_T05_06,DOC_CH04,0.36620959614798476,,hybrid_weighted
Q-116,6,CH05_T02_06,DOC_CH05,0.32243123544036323,,hybrid_weighted
Q-116,7,CH04_T04_06,DOC_CH04,0.2798424068941511,,hybrid_weighted
Q-116,8,CH06_T01_06,DOC_CH06,0.11683698076827806,,hybrid_weighted
Q-116,9,CH04_T02_10,DOC_CH04,0.11089790162408826,,hybrid_weighted
Q-116,10,CH05_T03_06,DOC_CH05,0.06374767155636075,,hybrid_weighted
Q-117,1,CH04_T03_06,DOC_CH04,1.0,,hybrid_weighted
Q-117,2,CH04_T05_06,DOC_CH04,0.5534511919523367,,hybrid_weighted
Q-117,3,CH04_T03_05,DOC_CH04,0.5193012305979959,,hybrid_weighted
Q-117,4,CH04_T04_06,DOC_CH04,0.501387171124416,,hybrid_weighted
Q-117,5,CH04_T06_06,DOC_CH04,0.31585984475012036,,hybrid_weighted
Q-117,6,CH04_T03_10,DOC_CH04,0.22969951045136683,,hybrid_weighted
Q-117,7,CH04_T03_04,DOC_CH04,0.18976094062706236,,hybrid_weighted
Q-117,8,CH04_T03_08,DOC_CH04,0.1598670778204136,,hybrid_weighted
Q-117,9,CH04_T03_01,DOC_CH04,0.1452414893486786,,hybrid_weighted
Q-117,10,CH04_T04_05,DOC_CH04,0.08353017988866171,,hybrid_weighted
Q-118,1,CH04_T04_06,DOC_CH04,1.0,,hybrid_weighted
Q-118,2,CH04_T03_06,DOC_CH04,0.69006203659295,,hybrid_weighted
Q-118,3,CH04_T05_06,DOC_CH04,0.6606946828724827,,hybrid_weighted
Q-118,4,CH04_T04_05,DOC_CH04,0.5134106002283344,,hybrid_weighted
Q-118,5,CH04_T06_06,DOC_CH04,0.37288403449898644,,hybrid_weighted
Q-118,6,CH04_T04_10,DOC_CH04,0.24352875779195934,,hybrid_weighted
Q-118,7,CH04_T04_04,DOC_CH04,0.23414326338073002,,hybrid_weighted
Q-118,8,CH04_T04_01,DOC_CH04,0.1794394885933122,,hybrid_weighted
Q-118,9,CH04_T03_05,DOC_CH04,0.16487214035955552,,hybrid_weighted
Q-118,10,CH04_T05_05,DOC_CH04,0.16487214035955552,,hybrid_weighted
Q-119,1,CH04_T05_06,DOC_CH04,1.0,,hybrid_weighted
Q-119,2,CH04_T03_06,DOC_CH04,0.7657771159978188,,hybrid_weighted
Q-119,3,CH04_T04_06,DOC_CH04,0.6919802373952126,,hybrid_weighted
Q-119,4,CH04_T05_05,DOC_CH04,0.46537431734212453,,hybrid_weighted
Q-119,5,CH04_T06_06,DOC_CH04,0.32425472101915864,,hybrid_weighted
Q-119,6,CH04_T03_05,DOC_CH04,0.18845462217858744,,hybrid_weighted
Q-119,7,CH04_T04_05,DOC_CH04,0.17274109744831084,,hybrid_weighted
Q-119,8,CH04_T05_04,DOC_CH04,0.10457973245824279,,hybrid_weighted
Q-119,9,CH04_T05_10,DOC_CH04,0.08836114710956693,,hybrid_weighted
Q-119,10,CH04_T05_08,DOC_CH04,0.08085262011337525,,hybrid_weighted
Q-120,1,CH04_T06_06,DOC_CH04,1.0,,hybrid_weighted
Q-120,2,CH04_T03_06,DOC_CH04,0.6337971621036446,,hybrid_weighted
Q-120,3,CH04_T04_06,DOC_CH04,0.5908849111893972,,hybrid_weighted
Q-120,4,CH04_T06_05,DOC_CH04,0.574388966957497,,hybrid_weighted
Q-120,5,CH04_T05_06,DOC_CH04,0.5731261232201458,,hybrid_weighted
Q-120,6,CH04_T06_08,DOC_CH04,0.2023345072105473,,hybrid_weighted
Q-120,7,CH04_T06_04,DOC_CH04,0.15296877931917283,,hybrid_weighted
Q-120,8,CH04_T06_10,DOC_CH04,0.08243385700425405,,hybrid_weighted
Q-120,9,CH04_T06_07,DOC_CH04,0.07920816464766679,,hybrid_weighted
Q-120,10,CH04_T04_05,DOC_CH04,0.05250811627733413,,hybrid_weighted
Q-121,1,CH05_T01_06,DOC_CH05,0.9200002912509078,,hybrid_weighted
Q-121,2,CH05_T02_06,DOC_CH05,0.8743870758414412,,hybrid_weighted
Q-121,3,CH05_T03_06,DOC_CH05,0.6460397967940432,,hybrid_weighted
Q-121,4,CH05_T04_06,DOC_CH05,0.40247492888527336,,hybrid_weighted
Q-121,5,CH05_T02_05,DOC_CH05,0.19928629423197503,,hybrid_weighted
Q-121,6,CH04_T02_06,DOC_CH04,0.19335686237819413,,hybrid_weighted
Q-121,7,CH05_T01_05,DOC_CH05,0.14635430595569113,,hybrid_weighted
Q-121,8,CH05_T01_01,DOC_CH05,0.0943075944580053,,hybrid_weighted
Q-121,9,CH05_T02_10,DOC_CH05,0.08911842060026816,,hybrid_weighted
Q-121,10,CH05_T03_05,DOC_CH05,0.0805407986133822,,hybrid_weighted
Q-122,1,CH05_T02_06,DOC_CH05,1.0,,hybrid_weighted
Q-122,2,CH05_T02_05,DOC_CH05,0.4060716043192365,,hybrid_weighted
Q-122,3,CH05_T03_06,DOC_CH05,0.3900401458703712,,hybrid_weighted
Q-122,4,CH05_T01_06,DOC_CH05,0.23538700441427668,,hybrid_weighted
Q-122,5,CH05_T02_10,DOC_CH05,0.23284822892313115,,hybrid_weighted
Q-122,6,CH10_T01_06,DOC_CH10,0.16664934012343283,,hybrid_weighted
Q-122,7,CH05_T04_06,DOC_CH05,0.15992555089505697,,hybrid_weighted
Q-122,8,CH05_T02_04,DOC_CH05,0.1547188540584039,,hybrid_weighted
Q-122,9,CH10_T03_06,DOC_CH10,0.10360146113093543,,hybrid_weighted
Q-122,10,CH10_T06_06,DOC_CH10,0.034769532307839565,,hybrid_weighted
Q-123,1,CH05_T03_06,DOC_CH05,1.0,,hybrid_weighted
Q-123,2,CH05_T02_06,DOC_CH05,0.5857403552321532,,hybrid_weighted
Q-123,3,CH05_T03_05,DOC_CH05,0.5400524795027499,,hybrid_weighted
Q-123,4,CH05_T03_04,DOC_CH05,0.21052567140533213,,hybrid_weighted
Q-123,5,CH05_T03_10,DOC_CH05,0.1646989924444536,,hybrid_weighted
Q-123,6,CH05_T03_08,DOC_CH05,0.14037041982526624,,hybrid_weighted
Q-123,7,CH05_T01_06,DOC_CH05,0.09379721700911789,,hybrid_weighted
Q-123,8,CH05_T04_06,DOC_CH05,0.0729255072596179,,hybrid_weighted
Q-123,9,CH05_T02_05,DOC_CH05,0.06162231287463504,,hybrid_weighted
Q-123,10,CH05_T03_09,DOC_CH05,0.04984142403812634,,hybrid_weighted
Q-124,1,CH05_T04_06,DOC_CH05,1.0,,hybrid_weighted
Q-124,2,CH05_T04_05,DOC_CH05,0.4067550144527587,,hybrid_weighted
Q-124,3,CH05_T02_06,DOC_CH05,0.3996087891645239,,hybrid_weighted
Q-124,4,CH05_T04_04,DOC_CH05,0.25825066397685614,,hybrid_weighted
Q-124,5,CH05_T04_08,DOC_CH05,0.206952787250909,,hybrid_weighted
Q-124,6,CH05_T04_10,DOC_CH05,0.14746920889229637,,hybrid_weighted
Q-124,7,CH05_T03_06,DOC_CH05,0.14234441454124755,,hybrid_weighted
Q-124,8,CH05_T04_09,DOC_CH05,0.13380600004896245,,hybrid_weighted
Q-124,9,CH05_T01_06,DOC_CH05,0.0940528897780552,,hybrid_weighted
Q-124,10,CH05_T04_07,DOC_CH05,0.06271875673315247,,hybrid_weighted
Q-125,1,CH05_T05_06,DOC_CH05,1.0,,hybrid_weighted
Q-125,2,CH05_T05_05,DOC_CH05,0.39552844155158223,,hybrid_weighted
Q-125,3,CH05_T05_08,DOC_CH05,0.18145852758980419,,hybrid_weighted
Q-125,4,CH05_T05_10,DOC_CH05,0.17983398572734238,,hybrid_weighted
Q-125,5,CH05_T05_04,DOC_CH05,0.1265564559310924,,hybrid_weighted
Q-125,6,CH14_T02_06,DOC_CH14,0.12572588038973162,,hybrid_weighted
Q-125,7,CH04_T02_06,DOC_CH04,0.12436681400566435,,hybrid_weighted
Q-125,8,CH10_T03_06,DOC_CH10,0.11813924991126824,,hybrid_weighted
Q-125,9,CH16_T05_06,DOC_CH16,0.1169415791541797,,hybrid_weighted
Q-125,10,CH07_T05_06,DOC_CH07,0.08918306152983087,,hybrid_weighted
Q-126,1,CH05_T06_06,DOC_CH05,0.8385485282093328,,hybrid_weighted
Q-126,2,CH10_T03_06,DOC_CH10,0.5,,hybrid_weighted
Q-126,3,CH05_T06_05,DOC_CH05,0.3170357043763423,,hybrid_weighted
Q-126,4,CH10_T03_05,DOC_CH10,0.3094635934837772,,hybrid_weighted
Q-126,5,CH05_T06_10,DOC_CH05,0.23606355382097363,,hybrid_weighted
Q-126,6,CH05_T05_06,DOC_CH05,0.22934307798786477,,hybrid_weighted
Q-126,7,CH05_T06_08,DOC_CH05,0.2068746821865725,,hybrid_weighted
Q-126,8,CH04_T01_06,DOC_CH04,0.19866371289893392,,hybrid_weighted
Q-126,9,CH10_T03_04,DOC_CH10,0.12568156519985416,,hybrid_weighted
Q-126,10,CH05_T02_06,DOC_CH05,0.08264962313673693,,hybrid_weighted
Q-127,1,CH06_T01_06,DOC_CH06,1.0,,hybrid_weighted
Q-127,2,CH06_T05_06,DOC_CH06,0.38357315075813553,,hybrid_weighted
Q-127,3,CH06_T06_06,DOC_CH06,0.3704028130386319,,hybrid_weighted
Q-127,4,CH06_T03_06,DOC_CH06,0.3035970475837514,,hybrid_weighted
Q-127,5,CH10_T03_06,DOC_CH10,0.3028400618129149,,hybrid_weighted
Q-127,6,CH16_T05_06,DOC_CH16,0.3004522134118385,,hybrid_weighted
Q-127,7,CH07_T05_06,DOC_CH07,0.24510884668667707,,hybrid_weighted
Q-127,8,CH06_T01_05,DOC_CH06,0.21819763071040013,,hybrid_weighted
Q-127,9,CH03_T05_06,DOC_CH03,0.11134956439116883,,hybrid_weighted
Q-127,10,CH06_T04_06,DOC_CH06,0.09723757444583035,,hybrid_weighted
Q-128,1,CH06_T02_06,DOC_CH06,1.0,,hybrid_weighted
Q-128,2,CH06_T01_06,DOC_CH06,0.4652107692125686,,hybrid_weighted
Q-128,3,CH06_T02_05,DOC_CH06,0.39243932644857094,,hybrid_weighted
Q-128,4,CH06_T01_05,DOC_CH06,0.31628007635417943,,hybrid_weighted
Q-128,5,CH06_T01_08,DOC_CH06,0.15825922719760763,,hybrid_weighted
Q-128,6,CH11_T01_06,DOC_CH11,0.11748815601064881,,hybrid_weighted
Q-128,7,CH10_T03_06,DOC_CH10,0.10413882364501799,,hybrid_weighted
Q-128,8,CH12_T01_06,DOC_CH12,0.07692070034151922,,hybrid_weighted
Q-128,9,CH06_T02_04,DOC_CH06,0.06840488944932385,,hybrid_weighted
Q-128,10,CH06_T02_08,DOC_CH06,0.06162415515344957,,hybrid_weighted
Q-129,1,CH06_T03_06,DOC_CH06,1.0,,hybrid_weighted
Q-129,2,CH06_T03_05,DOC_CH06,0.5966128771923591,,hybrid_weighted
Q-129,3,CH06_T03_08,DOC_CH06,0.3206358861637028,,hybrid_weighted
Q-129,4,CH06_T03_04,DOC_CH06,0.31337760386640634,,hybrid_weighted
Q-129,5,CH06_T03_10,DOC_CH06,0.26056567684336523,,hybrid_weighted
Q-129,6,CH06_T03_01,DOC_CH06,0.24313563866817228,,hybrid_weighted
Q-129,7,CH06_T03_09,DOC_CH06,0.1502207871893137,,hybrid_weighted
Q-129,8,CH10_T03_06,DOC_CH10,0.09833604955604086,,hybrid_weighted
Q-129,9,CH16_T05_06,DOC_CH16,0.09731512507939552,,hybrid_weighted
Q-129,10,CH07_T05_06,DOC_CH07,0.0736530711214444,,hybrid_weighted
Q-130,1,CH06_T04_06,DOC_CH06,1.0,,hybrid_weighted
Q-130,2,CH06_T04_05,DOC_CH06,0.5174924127668046,,hybrid_weighted
Q-130,3,CH06_T04_08,DOC_CH06,0.3463612429973754,,hybrid_weighted
Q-130,4,CH06_T04_10,DOC_CH06,0.2853947286832487,,hybrid_weighted
Q-130,5,CH06_T05_06,DOC_CH06,0.2848695099910851,,hybrid_weighted
Q-130,6,CH06_T04_04,DOC_CH06,0.2433085709748998,,hybrid_weighted
Q-130,7,CH06_T04_01,DOC_CH06,0.2377716659046142,,hybrid_weighted
Q-130,8,CH06_T04_09,DOC_CH06,0.15120424570425525,,hybrid_weighted
Q-130,9,CH10_T03_06,DOC_CH10,0.12122490622565363,,hybrid_weighted
Q-130,10,CH16_T05_06,DOC_CH16,0.11995235667601671,,hybrid_weighted
Q-131,1,CH06_T05_06,DOC_CH06,1.0,,hybrid_weighted
Q-131,2,CH06_T05_05,DOC_CH06,0.5471386030061869,,hybrid_weighted
Q-131,3,CH06_T01_06,DOC_CH06,0.5114947953025791,,hybrid_weighted
Q-131,4,CH06_T01_05,DOC_CH06,0.21564889489698122,,hybrid_weighted
Q-131,5,CH06_T05_08,DOC_CH06,0.20783752131119151,,hybrid_weighted
Q-131,6,CH06_T05_10,DOC_CH06,0.16841503548355144,,hybrid_weighted
Q-131,7,CH06_T05_04,DOC_CH06,0.16598633420664483,,hybrid_weighted
Q-131,8,CH06_T06_06,DOC_CH06,0.1005594797026186,,hybrid_weighted
Q-131,9,CH06_T05_07,DOC_CH06,0.03949499233668481,,hybrid_weighted
Q-131,10,CH06_T01_10,DOC_CH06,0.02930584212574863,,hybrid_weighted
Q-132,1,CH06_T06_06,DOC_CH06,0.7538796885025413,,hybrid_weighted
Q-132,2,CH06_T01_06,DOC_CH06,0.7336959891961711,,hybrid_weighted
Q-132,3,CH08_T03_06,DOC_CH08,0.29843588818989136,,hybrid_weighted
Q-132,4,CH09_T06_06,DOC_CH09,0.21042155141003044,,hybrid_weighted
Q-132,5,CH06_T01_05,DOC_CH06,0.1908824514243919,,hybrid_weighted
Q-132,6,CH08_T02_06,DOC_CH08,0.16822209626640777,,hybrid_weighted
Q-132,7,CH03_T05_06,DOC_CH03,0.1591682426732064,,hybrid_weighted
Q-132,8,CH10_T03_06,DOC_CH10,0.11391479423706843,,hybrid_weighted
Q-132,9,CH08_T01_06,DOC_CH08,0.0877354526123749,,hybrid_weighted
Q-132,10,CH06_T01_08,DOC_CH06,0.05645984971351287,,hybrid_weighted
Q-133,1,CH07_T01_06,DOC_CH07,1.0,,hybrid_weighted
Q-133,2,CH07_T02_06,DOC_CH07,0.6052316167608827,,hybrid_weighted
Q-133,3,CH07_T01_05,DOC_CH07,0.5180075459430135,,hybrid_weighted
Q-133,4,CH07_T01_08,DOC_CH07,0.25701744791991205,,hybrid_weighted
Q-133,5,CH07_T01_04,DOC_CH07,0.2421852718266866,,hybrid_weighted
Q-133,6,CH07_T01_10,DOC_CH07,0.18067312780345932,,hybrid_weighted
Q-133,7,CH07_T01_07,DOC_CH07,0.11686335211645159,,hybrid_weighted
Q-133,8,CH07_T01_09,DOC_CH07,0.10541151625913402,,hybrid_weighted
Q-133,9,CH07_T01_01,DOC_CH07,0.08394884911809493,,hybrid_weighted
Q-133,10,CH07_T01_03,DOC_CH07,0.07195995802557288,,hybrid_weighted
Q-134,1,CH07_T02_06,DOC_CH07,1.0,,hybrid_weighted
Q-134,2,CH07_T02_05,DOC_CH07,0.4529618991381732,,hybrid_weighted
Q-134,3,CH07_T02_08,DOC_CH07,0.3132884859176399,,hybrid_weighted
Q-134,4,CH07_T02_01,DOC_CH07,0.24016345859873095,,hybrid_weighted
Q-134,5,CH07_T02_04,DOC_CH07,0.22639177095675345,,hybrid_weighted
Q-134,6,CH07_T02_10,DOC_CH07,0.16532895963966537,,hybrid_weighted
Q-134,7,CH07_T02_07,DOC_CH07,0.11865531695632105,,hybrid_weighted
Q-134,8,CH07_T02_09,DOC_CH07,0.10342994792529582,,hybrid_weighted
Q-134,9,CH07_T06_06,DOC_CH07,0.08780017082075457,,hybrid_weighted
Q-134,10,CH07_T02_03,DOC_CH07,0.05206083355094936,,hybrid_weighted
Q-135,1,CH07_T03_06,DOC_CH07,1.0,,hybrid_weighted
Q-135,2,CH07_T03_05,DOC_CH07,0.48647669475622957,,hybrid_weighted
Q-135,3,CH07_T03_04,DOC_CH07,0.3645175521169821,,hybrid_weighted
Q-135,4,CH07_T03_10,DOC_CH07,0.27766878972666287,,hybrid_weighted
Q-135,5,CH07_T03_08,DOC_CH07,0.26964585310175837,,hybrid_weighted
Q-135,6,CH07_T03_03,DOC_CH07,0.14949085302266302,,hybrid_weighted
Q-135,7,CH07_T03_09,DOC_CH07,0.13658427092418762,,hybrid_weighted
Q-135,8,CH07_T03_07,DOC_CH07,0.10548851996895159,,hybrid_weighted
Q-135,9,CH07_T03_01,DOC_CH07,0.09480262712105819,,hybrid_weighted
Q-135,10,CH07_T03_02,DOC_CH07,0.08063269273526444,,hybrid_weighted
Q-136,1,CH07_T04_06,DOC_CH07,1.0,,hybrid_weighted
Q-136,2,CH07_T04_05,DOC_CH07,0.5641371100383108,,hybrid_weighted
Q-136,3,CH07_T04_04,DOC_CH07,0.40012253207324183,,hybrid_weighted
Q-136,4,CH07_T04_10,DOC_CH07,0.3197194382734327,,hybrid_weighted
Q-136,5,CH07_T04_08,DOC_CH07,0.31902249166699814,,hybrid_weighted
Q-136,6,CH07_T04_09,DOC_CH07,0.2266244717978237,,hybrid_weighted
Q-136,7,CH07_T04_01,DOC_CH07,0.1938178203463237,,hybrid_weighted
Q-136,8,CH07_T04_07,DOC_CH07,0.15161412142507477,,hybrid_weighted
Q-136,9,CH07_T04_03,DOC_CH07,0.09751815865988149,,hybrid_weighted
Q-136,10,CH07_T04_02,DOC_CH07,0.06211957768004979,,hybrid_weighted
Q-137,1,CH07_T05_06,DOC_CH07,1.0,,hybrid_weighted
Q-137,2,CH07_T05_05,DOC_CH07,0.44887022104798835,,hybrid_weighted
Q-137,3,CH07_T05_04,DOC_CH07,0.28499702692165724,,hybrid_weighted
Q-137,4,CH07_T05_08,DOC_CH07,0.18894926905687312,,hybrid_weighted
Q-137,5,CH07_T05_10,DOC_CH07,0.15391421092054122,,hybrid_weighted
Q-137,6,CH05_T02_06,DOC_CH05,0.11374366293587165,,hybrid_weighted
Q-137,7,CH07_T05_07,DOC_CH07,0.08114029596048432,,hybrid_weighted
Q-137,8,CH07_T05_01,DOC_CH07,0.07951258318969437,,hybrid_weighted
Q-137,9,CH07_T05_09,DOC_CH07,0.04919033648014658,,hybrid_weighted
Q-137,10,CH07_T05_03,DOC_CH07,0.03482401539504517,,hybrid_weighted
Q-138,1,CH07_T06_06,DOC_CH07,1.0,,hybrid_weighted
Q-138,2,CH07_T06_05,DOC_CH07,0.6563605275781152,,hybrid_weighted
Q-138,3,CH07_T06_04,DOC_CH07,0.42784750220884654,,hybrid_weighted
Q-138,4,CH07_T06_08,DOC_CH07,0.41073506222770173,,hybrid_weighted
Q-138,5,CH07_T06_10,DOC_CH07,0.33646828339442325,,hybrid_weighted
Q-138,6,CH07_T06_07,DOC_CH07,0.3289712171176849,,hybrid_weighted
Q-138,7,CH07_T06_09,DOC_CH07,0.23755870255994405,,hybrid_weighted
Q-138,8,CH07_T06_01,DOC_CH07,0.22303365943403233,,hybrid_weighted
Q-138,9,CH07_T06_03,DOC_CH07,0.1348321684578326,,hybrid_weighted
Q-138,10,CH07_T06_02,DOC_CH07,0.0,,hybrid_weighted
Q-139,1,CH08_T01_06,DOC_CH08,1.0,,hybrid_weighted
Q-139,2,CH08_T01_05,DOC_CH08,0.6247882131081339,,hybrid_weighted
Q-139,3,CH08_T01_04,DOC_CH08,0.42309505137589243,,hybrid_weighted
Q-139,4,CH08_T01_07,DOC_CH08,0.28830183584645175,,hybrid_weighted
Q-139,5,CH08_T01_08,DOC_CH08,0.2841794709513048,,hybrid_weighted
Q-139,6,CH09_T05_06,DOC_CH09,0.24023429040903377,,hybrid_weighted
Q-139,7,CH08_T01_10,DOC_CH08,0.2378023676588491,,hybrid_weighted
Q-139,8,CH08_T01_09,DOC_CH08,0.22759611514315412,,hybrid_weighted
Q-139,9,CH08_T01_01,DOC_CH08,0.1625143882978898,,hybrid_weighted
Q-139,10,CH08_T01_03,DOC_CH08,0.15203071167000123,,hybrid_weighted
Q-140,1,CH08_T02_06,DOC_CH08,1.0,,hybrid_weighted
Q-140,2,CH08_T02_05,DOC_CH08,0.30944315366024666,,hybrid_weighted
Q-140,3,CH08_T05_06,DOC_CH08,0.27902606956108666,,hybrid_weighted
Q-140,4,CH08_T02_10,DOC_CH08,0.21577116357619985,,hybrid_weighted
Q-140,5,CH08_T03_06,DOC_CH08,0.1703274445113591,,hybrid_weighted
Q-140,6,CH09_T06_06,DOC_CH09,0.15563063340108452,,hybrid_weighted
Q-140,7,CH08_T02_04,DOC_CH08,0.11194074679225335,,hybrid_weighted
Q-140,8,CH08_T02_09,DOC_CH08,0.09741721187489845,,hybrid_weighted
Q-140,9,CH08_T02_08,DOC_CH08,0.08492233214108365,,hybrid_weighted
Q-140,10,CH10_T03_06,DOC_CH10,0.08425292686072305,,hybrid_weighted
Q-141,1,CH08_T03_06,DOC_CH08,1.0,,hybrid_weighted
Q-141,2,CH08_T02_06,DOC_CH08,0.36546848573683616,,hybrid_weighted
Q-141,3,CH09_T02_06,DOC_CH09,0.3525352528059512,,hybrid_weighted
Q-141,4,CH08_T03_05,DOC_CH08,0.27719882177923455,,hybrid_weighted
Q-141,5,CH04_T03_06,DOC_CH04,0.2457914082760176,,hybrid_weighted
Q-141,6,CH10_T04_06,DOC_CH10,0.23464958844414396,,hybrid_weighted
Q-141,7,CH08_T01_06,DOC_CH08,0.13904295861991206,,hybrid_weighted
Q-141,8,CH09_T03_06,DOC_CH09,0.1189303799548038,,hybrid_weighted
Q-141,9,CH04_T05_06,DOC_CH04,0.11848866839553501,,hybrid_weighted
Q-141,10,CH04_T04_06,DOC_CH04,0.11024512346375014,,hybrid_weighted
Q-142,1,CH08_T04_06,DOC_CH08,1.0,,hybrid_weighted
Q-142,2,CH08_T04_05,DOC_CH08,0.6654766315414387,,hybrid_weighted
Q-142,3,CH08_T04_04,DOC_CH08,0.4258866622756895,,hybrid_weighted
Q-142,4,CH08_T04_08,DOC_CH08,0.4016486054280044,,hybrid_weighted
Q-142,5,CH08_T04_07,DOC_CH08,0.2823497755991572,,hybrid_weighted
Q-142,6,CH08_T04_10,DOC_CH08,0.28015854726884354,,hybrid_weighted
Q-142,7,CH08_T04_09,DOC_CH08,0.27684601745722853,,hybrid_weighted
Q-142,8,CH08_T04_01,DOC_CH08,0.21923130974988378,,hybrid_weighted
Q-142,9,CH08_T04_03,DOC_CH08,0.14358151931824226,,hybrid_weighted
Q-142,10,CH08_T04_02,DOC_CH08,0.040787092383849345,,hybrid_weighted
Q-143,1,CH08_T05_06,DOC_CH08,1.0,,hybrid_weighted
Q-143,2,CH08_T05_05,DOC_CH08,0.5132041473745221,,hybrid_weighted
Q-143,3,CH08_T05_04,DOC_CH08,0.28070625465590937,,hybrid_weighted
Q-143,4,CH08_T05_08,DOC_CH08,0.20014424064426448,,hybrid_weighted
Q-143,5,CH08_T05_10,DOC_CH08,0.15874129747713794,,hybrid_weighted
Q-143,6,CH04_T03_06,DOC_CH04,0.12738572122281389,,hybrid_weighted
Q-143,7,CH08_T05_09,DOC_CH08,0.11935212718972976,,hybrid_weighted
Q-143,8,CH08_T05_07,DOC_CH08,0.11807163144023951,,hybrid_weighted
Q-143,9,CH08_T05_03,DOC_CH08,0.06703994923328348,,hybrid_weighted
Q-143,10,CH04_T05_06,DOC_CH04,0.060356990300583134,,hybrid_weighted
Q-144,1,CH08_T06_06,DOC_CH08,1.0,,hybrid_weighted
Q-144,2,CH08_T06_05,DOC_CH08,0.5948124189795838,,hybrid_weighted
Q-144,3,CH08_T06_04,DOC_CH08,0.3403472802142391,,hybrid_weighted
Q-144,4,CH08_T06_09,DOC_CH08,0.21821459965987175,,hybrid_weighted
Q-144,5,CH08_T03_06,DOC_CH08,0.19195878155875612,,hybrid_weighted
Q-144,6,CH08_T06_10,DOC_CH08,0.1864518218693264,,hybrid_weighted
Q-144,7,CH08_T06_08,DOC_CH08,0.15284081768666835,,hybrid_weighted
Q-144,8,CH09_T06_06,DOC_CH09,0.0977531287758042,,hybrid_weighted
Q-144,9,CH08_T04_06,DOC_CH08,0.0971429343985494,,hybrid_weighted
Q-144,10,CH08_T06_07,DOC_CH08,0.07686639624939673,,hybrid_weighted
Q-145,1,CH09_T01_06,DOC_CH09,0.9731870836651333,,hybrid_weighted
Q-145,2,CH08_T02_06,DOC_CH08,0.5,,hybrid_weighted
Q-145,3,CH09_T01_05,DOC_CH09,0.26575013117480867,,hybrid_weighted
Q-145,4,CH04_T03_06,DOC_CH04,0.26182240714405786,,hybrid_weighted
Q-145,5,CH09_T02_06,DOC_CH09,0.2476270261120799,,hybrid_weighted
Q-145,6,CH08_T03_06,DOC_CH08,0.24712902006837656,,hybrid_weighted
Q-145,7,CH04_T04_06,DOC_CH04,0.19157814917564317,,hybrid_weighted
Q-145,8,CH04_T05_06,DOC_CH04,0.17653150494663183,,hybrid_weighted
Q-145,9,CH09_T06_06,DOC_CH09,0.16256833430287582,,hybrid_weighted
Q-145,10,CH16_T05_06,DOC_CH16,0.07880389186257218,,hybrid_weighted
Q-146,1,CH09_T02_06,DOC_CH09,1.0,,hybrid_weighted
Q-146,2,CH10_T04_06,DOC_CH10,0.5365787037105932,,hybrid_weighted
Q-146,3,CH09_T02_05,DOC_CH09,0.5090474189451606,,hybrid_weighted
Q-146,4,CH10_T04_05,DOC_CH10,0.26559559918480263,,hybrid_weighted
Q-146,5,CH08_T02_06,DOC_CH08,0.20235642853360866,,hybrid_weighted
Q-146,6,CH09_T02_08,DOC_CH09,0.1492605135509854,,hybrid_weighted
Q-146,7,CH04_T03_06,DOC_CH04,0.08969617848727927,,hybrid_weighted
Q-146,8,CH09_T02_10,DOC_CH09,0.08153600124427501,,hybrid_weighted
Q-146,9,CH09_T02_07,DOC_CH09,0.06655446710689947,,hybrid_weighted
Q-146,10,CH10_T04_04,DOC_CH10,0.0631899438404327,,hybrid_weighted
Q-147,1,CH09_T03_06,DOC_CH09,1.0,,hybrid_weighted
Q-147,2,CH09_T03_05,DOC_CH09,0.5933514585769033,,hybrid_weighted
Q-147,3,CH09_T03_04,DOC_CH09,0.36036006672885273,,hybrid_weighted
Q-147,4,CH09_T03_08,DOC_CH09,0.3173056061904052,,hybrid_weighted
Q-147,5,CH09_T03_10,DOC_CH09,0.288756937058515,,hybrid_weighted
Q-147,6,CH09_T03_07,DOC_CH09,0.2574443750933087,,hybrid_weighted
Q-147,7,CH09_T03_01,DOC_CH09,0.18330755926810333,,hybrid_weighted
Q-147,8,CH09_T03_09,DOC_CH09,0.16607308637537985,,hybrid_weighted
Q-147,9,CH09_T03_03,DOC_CH09,0.15619403696836076,,hybrid_weighted
Q-147,10,CH10_T03_06,DOC_CH10,0.05585386866316161,,hybrid_weighted
Q-148,1,CH09_T04_06,DOC_CH09,1.0,,hybrid_weighted
Q-148,2,CH08_T02_06,DOC_CH08,0.4707794170797018,,hybrid_weighted
Q-148,3,CH08_T03_06,DOC_CH08,0.28010114358417615,,hybrid_weighted
Q-148,4,CH04_T03_06,DOC_CH04,0.2769435714986289,,hybrid_weighted
Q-148,5,CH09_T06_06,DOC_CH09,0.22344111106377468,,hybrid_weighted
Q-148,6,CH10_T03_06,DOC_CH10,0.16852537242815013,,hybrid_weighted
Q-148,7,CH08_T01_06,DOC_CH08,0.12661315922501942,,hybrid_weighted
Q-148,8,CH09_T03_06,DOC_CH09,0.10003399226373698,,hybrid_weighted
Q-148,9,CH10_T05_06,DOC_CH10,0.07014812230821993,,hybrid_weighted
Q-148,10,CH09_T05_06,DOC_CH09,0.05522802359842373,,hybrid_weighted
Q-149,1,CH09_T05_06,DOC_CH09,1.0,,hybrid_weighted
Q-149,2,CH08_T06_06,DOC_CH08,0.4286798004960126,,hybrid_weighted
Q-149,3,CH09_T06_06,DOC_CH09,0.39045014874960443,,hybrid_weighted
Q-149,4,CH10_T03_06,DOC_CH10,0.2993674284223925,,hybrid_weighted
Q-149,5,CH08_T03_06,DOC_CH08,0.2935253709732027,,hybrid_weighted
Q-149,6,CH04_T03_06,DOC_CH04,0.27484976666153393,,hybrid_weighted
Q-149,7,CH08_T02_06,DOC_CH08,0.21475592806512744,,hybrid_weighted
Q-149,8,CH09_T05_05,DOC_CH09,0.16913591802105632,,hybrid_weighted
Q-149,9,CH08_T01_06,DOC_CH08,0.14117748496042018,,hybrid_weighted
Q-149,10,CH04_T05_06,DOC_CH04,0.13785034736584673,,hybrid_weighted
Q-150,1,CH09_T06_06,DOC_CH09,1.0,,hybrid_weighted
Q-150,2,CH09_T06_05,DOC_CH09,0.44699586256851576,,hybrid_weighted
Q-150,3,CH09_T06_08,DOC_CH09,0.19918222998101676,,hybrid_weighted
Q-150,4,CH09_T06_04,DOC_CH09,0.18647276757400932,,hybrid_weighted
Q-150,5,CH09_T06_10,DOC_CH09,0.17999136696784232,,hybrid_weighted
Q-150,6,CH09_T06_07,DOC_CH09,0.1578776686364913,,hybrid_weighted
Q-150,7,CH07_T03_06,DOC_CH07,0.07976017050818114,,hybrid_weighted
Q-150,8,CH09_T06_09,DOC_CH09,0.0760012000944192,,hybrid_weighted
Q-150,9,CH08_T03_06,DOC_CH08,0.06018268673314822,,hybrid_weighted
Q-150,10,CH08_T02_06,DOC_CH08,0.04385933305046794,,hybrid_weighted
